FLIGHT NAME,FLIGHT DATE,AIR LINES,START,STOP,FARE,DEPARTURE,ARRIVAL,PILET NAME,AIR HOSTER NAME
abc1,10/2/2023,VISTARA,HYD,BAN,2500,10:30,10:00,XYZ1,
ABC2,11/2/2023,VISTARA,BAN,CHI,3000,11:30,11:00,XYZ2,
ABC3,12/2/2023,VISTARA,CHI,MBI,2400,9:30,9:00,XYZ3,
ABC4,1/2/2024,VISTARA,MBI,DEL,1500,12:00,11:30,XYZ4,
ABC5,2/2/2024,VISTARA,DEL,VIZ,4500,10:30,10:00,XYZ5,
ABC6,3/2/2024,VISTARA,HYD,BAN,3530,11:30,11:00,XYZ6,
ABC7,4/2/2024,VISTARA,BAN,CHI,3780,9:30,9:00,XYZ7,
ABC8,5/2/2024,VISTARA,CHI,MBI,4030,12:00,11:30,XYZ8,
ABC9,6/2/2024,VISTARA,MBI,DEL,4280,10:30,10:00,XYZ9,
ABC0,7/2/2024,VISTARA,DEL,VIZ,4530,11:30,11:00,XYZ10,
abc1,8/2/2024,VISTARA,HYD,BAN,4780,9:30,9:00,XYZ11,
ABC2,9/2/2024,VISTARA,BAN,CHI,5030,12:00,11:30,XYZ12,
ABC3,10/2/2024,VISTARA,CHI,MBI,5280,10:30,10:00,XYZ13,
,11/2/2024,VISTARA,MBI,DEL,5530,11:30,11:00,XYZ14,
,12/2/2024,VISTARA,DEL,VIZ,5780,9:30,9:00,XYZ15,
,1/2/2025,VISTARA,HYD,BAN,6030,12:00,11:30,XYZ16,
,2/2/2025,VISTARA,BAN,CHI,6280,10:30,10:00,XYZ17,
,3/2/2025,VISTARA,CHI,MBI,6530,11:30,11:00,XYZ18,
,4/2/2025,VISTARA,MBI,DEL,6780,9:30,9:00,XYZ19,
ABC0,5/2/2025,VISTARA,DEL,VIZ,7030,12:00,11:30,XYZ20,
abc1,6/2/2025,VISTARA,HYD,BAN,2500,10:30,10:00,XYZ21,
ABC2,7/2/2025,VISTARA,BAN,CHI,3000,11:30,11:00,XYZ22,
ABC3,8/2/2025,VISTARA,CHI,MBI,2400,9:30,9:00,XYZ23,
ABC4,9/2/2025,VISTARA,MBI,DEL,1500,12:00,11:30,XYZ24,
ABC5,10/2/2025,VISTARA,DEL,VIZ,4500,10:30,10:00,XYZ25,
ABC6,11/2/2025,VISTARA,HYD,BAN,3530,11:30,11:00,XYZ26,
ABC7,12/2/2025,VISTARA,BAN,CHI,3780,9:30,9:00,XYZ27,
ABC8,1/2/2026,VISTARA,CHI,MBI,4030,12:00,11:30,XYZ28,
ABC9,2/2/2026,VISTARA,MBI,DEL,4280,10:30,10:00,XYZ29,
ABC0,3/2/2026,VISTARA,DEL,VIZ,4530,11:30,11:00,XYZ30,
abc1,4/2/2026,VISTARA,HYD,BAN,4780,9:30,9:00,XYZ31,
ABC2,5/2/2026,VISTARA,BAN,CHI,5030,12:00,11:30,XYZ32,
ABC3,6/2/2026,VISTARA,CHI,MBI,5280,10:30,10:00,XYZ33,
ABC4,7/2/2026,VISTARA,MBI,DEL,5530,11:30,11:00,XYZ34,
ABC5,8/2/2026,VISTARA,DEL,VIZ,5780,9:30,9:00,XYZ35,
ABC6,9/2/2026,VISTARA,HYD,BAN,6030,12:00,11:30,XYZ36,
ABC7,10/2/2026,VISTARA,BAN,CHI,6280,10:30,10:00,XYZ37,
ABC8,11/2/2026,VISTARA,CHI,MBI,6530,11:30,11:00,XYZ38,
ABC9,12/2/2026,VISTARA,MBI,DEL,6780,9:30,9:00,XYZ39,
ABC0,1/2/2027,VISTARA,DEL,VIZ,7030,12:00,11:30,XYZ40,
abc1,2/2/2027,VISTARA,HYD,BAN,2500,10:30,10:00,XYZ41,
ABC2,3/2/2027,VISTARA,BAN,CHI,3000,11:30,11:00,XYZ42,
ABC3,4/2/2027,VISTARA,CHI,MBI,2400,9:30,9:00,XYZ43,
ABC4,5/2/2027,VISTARA,MBI,DEL,1500,12:00,11:30,XYZ44,
ABC5,6/2/2027,VISTARA,DEL,VIZ,4500,10:30,10:00,XYZ45,
ABC6,7/2/2027,VISTARA,HYD,BAN,3530,11:30,11:00,XYZ46,
ABC7,8/2/2027,VISTARA,BAN,CHI,3780,9:30,9:00,XYZ47,
ABC8,9/2/2027,VISTARA,CHI,MBI,4030,12:00,11:30,XYZ48,
ABC9,10/2/2027,VISTARA,MBI,DEL,4280,10:30,10:00,XYZ49,
ABC0,11/2/2027,VISTARA,DEL,VIZ,4530,11:30,11:00,XYZ50,
abc1,12/2/2027,VISTARA,HYD,BAN,4780,9:30,9:00,XYZ51,
ABC2,1/2/2028,VISTARA,BAN,CHI,5030,12:00,11:30,XYZ52,
ABC3,2/2/2028,VISTARA,CHI,MBI,5280,10:30,10:00,XYZ53,
ABC4,3/2/2028,VISTARA,MBI,DEL,5530,11:30,11:00,XYZ54,
ABC5,4/2/2028,VISTARA,DEL,VIZ,5780,9:30,9:00,XYZ55,
ABC6,5/2/2028,VISTARA,HYD,BAN,6030,12:00,11:30,XYZ56,
ABC7,6/2/2028,VISTARA,BAN,CHI,6280,10:30,10:00,XYZ57,
ABC8,7/2/2028,VISTARA,CHI,MBI,6530,11:30,11:00,XYZ58,
ABC9,8/2/2028,VISTARA,MBI,DEL,6780,9:30,9:00,XYZ59,
ABC0,9/2/2028,VISTARA,DEL,VIZ,7030,12:00,11:30,XYZ60,
abc1,10/2/2028,VISTARA,HYD,BAN,2500,10:30,10:00,XYZ61,
ABC2,11/2/2028,VISTARA,BAN,CHI,3000,11:30,11:00,XYZ62,
ABC3,12/2/2028,VISTARA,CHI,MBI,2400,9:30,9:00,XYZ63,
ABC4,1/2/2029,VISTARA,MBI,DEL,1500,12:00,11:30,XYZ64,
ABC5,2/2/2029,VISTARA,DEL,VIZ,4500,10:30,10:00,XYZ65,
ABC6,3/2/2029,VISTARA,HYD,BAN,3530,11:30,11:00,XYZ66,
ABC7,4/2/2029,VISTARA,BAN,CHI,3780,9:30,9:00,XYZ67,
ABC8,5/2/2029,VISTARA,CHI,MBI,4030,12:00,11:30,XYZ68,
ABC9,6/2/2029,VISTARA,MBI,DEL,4280,10:30,10:00,XYZ69,
ABC0,7/2/2029,VISTARA,DEL,VIZ,4530,11:30,11:00,XYZ70,
abc1,8/2/2029,VISTARA,HYD,BAN,4780,9:30,9:00,XYZ71,
ABC2,9/2/2029,VISTARA,BAN,CHI,5030,12:00,11:30,XYZ72,
ABC3,10/2/2029,VISTARA,CHI,MBI,5280,10:30,10:00,XYZ73,
ABC4,11/2/2029,VISTARA,MBI,DEL,5530,11:30,11:00,XYZ74,
ABC5,12/2/2029,VISTARA,DEL,VIZ,5780,9:30,9:00,XYZ75,
ABC6,1/2/2030,VISTARA,HYD,BAN,6030,12:00,11:30,XYZ76,
ABC7,2/2/2030,VISTARA,BAN,CHI,6280,10:30,10:00,XYZ77,
ABC8,3/2/2030,VISTARA,CHI,MBI,6530,11:30,11:00,XYZ78,
ABC9,4/2/2030,VISTARA,MBI,DEL,6780,9:30,9:00,XYZ79,
ABC0,5/2/2030,VISTARA,DEL,VIZ,7030,12:00,11:30,XYZ80,
abc1,6/2/2030,VISTARA,HYD,BAN,2500,10:30,10:00,XYZ81,
ABC2,7/2/2030,VISTARA,BAN,CHI,3000,11:30,11:00,XYZ82,
ABC3,8/2/2030,VISTARA,CHI,MBI,2400,9:30,9:00,XYZ83,
ABC4,9/2/2030,VISTARA,MBI,DEL,1500,12:00,11:30,XYZ84,
ABC5,10/2/2030,VISTARA,DEL,VIZ,4500,10:30,10:00,XYZ85,
ABC6,11/2/2030,VISTARA,HYD,BAN,3530,11:30,11:00,XYZ86,
ABC7,12/2/2030,VISTARA,BAN,CHI,3780,9:30,9:00,XYZ87,
ABC8,1/2/2031,VISTARA,CHI,MBI,4030,12:00,11:30,XYZ88,
ABC9,2/2/2031,VISTARA,MBI,DEL,4280,10:30,10:00,XYZ89,
ABC0,3/2/2031,VISTARA,DEL,VIZ,4530,11:30,11:00,XYZ90,
abc1,4/2/2031,VISTARA,HYD,BAN,4780,9:30,9:00,XYZ91,
ABC2,5/2/2031,VISTARA,BAN,CHI,5030,12:00,11:30,XYZ92,
ABC3,6/2/2031,VISTARA,CHI,MBI,5280,10:30,10:00,XYZ93,
ABC4,7/2/2031,VISTARA,MBI,DEL,5530,11:30,11:00,XYZ94,
ABC5,8/2/2031,VISTARA,DEL,VIZ,5780,9:30,9:00,XYZ95,
ABC6,9/2/2031,VISTARA,HYD,BAN,6030,12:00,11:30,XYZ96,
ABC7,10/2/2031,VISTARA,BAN,CHI,6280,10:30,10:00,XYZ97,
ABC8,11/2/2031,VISTARA,CHI,MBI,6530,11:30,11:00,XYZ98,
ABC9,12/2/2031,VISTARA,MBI,DEL,6780,9:30,9:00,XYZ99,
ABC0,1/2/2032,VISTARA,DEL,VIZ,7030,12:00,11:30,XYZ100,
abc1,2/2/2032,VISTARA,HYD,BAN,2500,10:30,10:00,XYZ101,
ABC2,3/2/2032,VISTARA,BAN,CHI,3000,11:30,11:00,XYZ102,
ABC3,4/2/2032,VISTARA,CHI,MBI,2400,9:30,9:00,XYZ103,
abc1,5/2/2032,VISTARA,HYD,BAN,4897.601371,10:30,10:00,XYZ104,
ABC2,6/2/2032,VISTARA,BAN,CHI,4903.399157,11:30,11:00,XYZ105,
ABC3,7/2/2032,VISTARA,CHI,MBI,4909.196942,9:30,9:00,XYZ106,
ABC4,8/2/2032,VISTARA,MBI,DEL,4914.994728,12:00,11:30,XYZ107,
ABC5,9/2/2032,VISTARA,DEL,VIZ,4920.792514,10:30,10:00,XYZ108,
ABC6,10/2/2032,VISTARA,HYD,BAN,4926.5903,11:30,11:00,XYZ109,
ABC7,11/2/2032,VISTARA,BAN,CHI,4932.388086,9:30,9:00,XYZ110,
ABC8,12/2/2032,VISTARA,CHI,MBI,4938.185872,12:00,11:30,XYZ111,
ABC9,1/2/2033,VISTARA,MBI,DEL,4943.983658,10:30,10:00,XYZ112,
ABC0,2/2/2033,VISTARA,DEL,VIZ,4949.781444,11:30,11:00,XYZ113,
abc1,3/2/2033,VISTARA,HYD,BAN,4955.579229,9:30,9:00,XYZ114,
ABC2,4/2/2033,VISTARA,BAN,CHI,4961.377015,12:00,11:30,XYZ115,
ABC3,5/2/2033,VISTARA,CHI,MBI,4967.174801,10:30,10:00,XYZ116,
ABC4,6/2/2033,VISTARA,MBI,DEL,4972.972587,11:30,11:00,XYZ117,
ABC5,7/2/2033,VISTARA,DEL,VIZ,4978.770373,9:30,9:00,XYZ118,
ABC6,8/2/2033,VISTARA,HYD,BAN,4984.568159,12:00,11:30,XYZ119,
ABC7,9/2/2033,VISTARA,BAN,CHI,4990.365945,10:30,10:00,XYZ120,
ABC8,10/2/2033,VISTARA,CHI,MBI,4996.163731,11:30,11:00,XYZ121,
ABC9,11/2/2033,VISTARA,MBI,DEL,5001.961516,9:30,9:00,XYZ122,
ABC0,12/2/2033,VISTARA,DEL,VIZ,5007.759302,12:00,11:30,XYZ123,
abc1,1/2/2034,VISTARA,HYD,BAN,5013.557088,10:30,10:00,XYZ124,
ABC2,2/2/2034,VISTARA,BAN,CHI,5019.354874,11:30,11:00,XYZ125,
ABC3,3/2/2034,VISTARA,CHI,MBI,5025.15266,9:30,9:00,XYZ126,
ABC4,4/2/2034,VISTARA,MBI,DEL,5030.950446,12:00,11:30,XYZ127,
ABC5,5/2/2034,VISTARA,DEL,VIZ,5036.748232,10:30,10:00,XYZ128,
ABC6,6/2/2034,VISTARA,HYD,BAN,5042.546018,11:30,11:00,XYZ129,
ABC7,7/2/2034,VISTARA,BAN,CHI,5048.343804,9:30,9:00,XYZ130,
ABC8,8/2/2034,VISTARA,CHI,MBI,5054.141589,12:00,11:30,XYZ131,
ABC9,9/2/2034,VISTARA,MBI,DEL,5059.939375,10:30,10:00,XYZ132,
ABC0,10/2/2034,VISTARA,DEL,VIZ,5065.737161,11:30,11:00,XYZ133,
abc1,11/2/2034,VISTARA,HYD,BAN,5071.534947,9:30,9:00,XYZ134,
ABC2,12/2/2034,VISTARA,BAN,CHI,5077.332733,12:00,11:30,XYZ135,
ABC3,1/2/2035,VISTARA,CHI,MBI,5083.130519,10:30,10:00,XYZ136,
ABC4,2/2/2035,VISTARA,MBI,DEL,5088.928305,11:30,11:00,XYZ137,
ABC5,3/2/2035,VISTARA,DEL,VIZ,5094.726091,9:30,9:00,XYZ138,
ABC6,4/2/2035,VISTARA,HYD,BAN,5100.523876,12:00,11:30,XYZ139,
ABC7,5/2/2035,VISTARA,BAN,CHI,5106.321662,10:30,10:00,XYZ140,
ABC8,6/2/2035,VISTARA,CHI,MBI,5112.119448,11:30,11:00,XYZ141,
ABC9,7/2/2035,VISTARA,MBI,DEL,5117.917234,9:30,9:00,XYZ142,
ABC0,8/2/2035,VISTARA,DEL,VIZ,5123.71502,12:00,11:30,XYZ143,
abc1,9/2/2035,VISTARA,HYD,BAN,5129.512806,10:30,10:00,XYZ144,
ABC2,10/2/2035,VISTARA,BAN,CHI,5135.310592,11:30,11:00,XYZ145,
ABC3,11/2/2035,VISTARA,CHI,MBI,5141.108378,9:30,9:00,XYZ146,
ABC4,12/2/2035,VISTARA,MBI,DEL,5146.906164,12:00,11:30,XYZ147,
ABC5,1/2/2036,VISTARA,DEL,VIZ,5152.703949,10:30,10:00,XYZ148,
ABC6,2/2/2036,VISTARA,HYD,BAN,5158.501735,11:30,11:00,XYZ149,
ABC7,3/2/2036,VISTARA,BAN,CHI,5164.299521,9:30,9:00,XYZ150,
ABC8,4/2/2036,VISTARA,CHI,MBI,5170.097307,12:00,11:30,XYZ151,
ABC9,5/2/2036,VISTARA,MBI,DEL,5175.895093,10:30,10:00,XYZ152,
ABC0,6/2/2036,VISTARA,DEL,VIZ,5181.692879,11:30,11:00,XYZ153,
abc1,7/2/2036,VISTARA,HYD,BAN,5187.490665,9:30,9:00,XYZ154,
ABC2,8/2/2036,VISTARA,BAN,CHI,5193.288451,12:00,11:30,XYZ155,
ABC3,9/2/2036,VISTARA,CHI,MBI,5199.086236,10:30,10:00,XYZ156,
ABC4,10/2/2036,VISTARA,MBI,DEL,5204.884022,11:30,11:00,XYZ157,
ABC5,11/2/2036,VISTARA,DEL,VIZ,5210.681808,9:30,9:00,XYZ158,
ABC6,12/2/2036,VISTARA,HYD,BAN,5216.479594,12:00,11:30,XYZ159,
ABC7,1/2/2037,VISTARA,BAN,CHI,5222.27738,10:30,10:00,XYZ160,
ABC8,2/2/2037,VISTARA,CHI,MBI,5228.075166,11:30,11:00,XYZ161,
ABC9,3/2/2037,VISTARA,MBI,DEL,5233.872952,9:30,9:00,XYZ162,
ABC0,4/2/2037,VISTARA,DEL,VIZ,5239.670738,12:00,11:30,XYZ163,
abc1,5/2/2037,VISTARA,HYD,BAN,5245.468523,10:30,10:00,XYZ164,
ABC2,6/2/2037,VISTARA,BAN,CHI,5251.266309,11:30,11:00,XYZ165,
ABC3,7/2/2037,VISTARA,CHI,MBI,5257.064095,9:30,9:00,XYZ166,
ABC4,8/2/2037,VISTARA,MBI,DEL,5262.861881,12:00,11:30,XYZ167,
ABC5,9/2/2037,VISTARA,DEL,VIZ,5268.659667,10:30,10:00,XYZ168,
ABC6,10/2/2037,VISTARA,HYD,BAN,5274.457453,11:30,11:00,XYZ169,
ABC7,11/2/2037,VISTARA,BAN,CHI,5280.255239,9:30,9:00,XYZ170,
ABC8,12/2/2037,VISTARA,CHI,MBI,5286.053025,12:00,11:30,XYZ171,
ABC9,1/2/2038,VISTARA,MBI,DEL,5291.850811,10:30,10:00,XYZ172,
ABC0,2/2/2038,VISTARA,DEL,VIZ,5297.648596,11:30,11:00,XYZ173,
abc1,3/2/2038,VISTARA,HYD,BAN,5303.446382,9:30,9:00,XYZ174,
ABC2,4/2/2038,VISTARA,BAN,CHI,5309.244168,12:00,11:30,XYZ175,
ABC3,5/2/2038,VISTARA,CHI,MBI,5315.041954,10:30,10:00,XYZ176,
ABC4,6/2/2038,VISTARA,MBI,DEL,5320.83974,11:30,11:00,XYZ177,
ABC5,7/2/2038,VISTARA,DEL,VIZ,5326.637526,9:30,9:00,XYZ178,
ABC6,8/2/2038,VISTARA,HYD,BAN,5332.435312,12:00,11:30,XYZ179,
ABC7,9/2/2038,VISTARA,BAN,CHI,5338.233098,10:30,10:00,XYZ180,
ABC8,10/2/2038,VISTARA,CHI,MBI,5344.030883,11:30,11:00,XYZ181,
ABC9,11/2/2038,VISTARA,MBI,DEL,5349.828669,9:30,9:00,XYZ182,
ABC0,12/2/2038,VISTARA,DEL,VIZ,5355.626455,12:00,11:30,XYZ183,
abc1,1/2/2039,VISTARA,HYD,BAN,5361.424241,10:30,10:00,XYZ184,
ABC2,2/2/2039,VISTARA,BAN,CHI,5367.222027,11:30,11:00,XYZ185,
ABC3,3/2/2039,VISTARA,CHI,MBI,5373.019813,9:30,9:00,XYZ186,
ABC4,4/2/2039,VISTARA,MBI,DEL,5378.817599,12:00,11:30,XYZ187,
ABC5,5/2/2039,VISTARA,DEL,VIZ,5384.615385,10:30,10:00,XYZ188,
ABC6,6/2/2039,VISTARA,HYD,BAN,5390.41317,11:30,11:00,XYZ189,
ABC7,7/2/2039,VISTARA,BAN,CHI,5396.210956,9:30,9:00,XYZ190,
ABC8,8/2/2039,VISTARA,CHI,MBI,5402.008742,12:00,11:30,XYZ191,
ABC9,9/2/2039,VISTARA,MBI,DEL,5407.806528,10:30,10:00,XYZ192,
ABC0,10/2/2039,VISTARA,DEL,VIZ,5413.604314,11:30,11:00,XYZ193,
abc1,11/2/2039,VISTARA,HYD,BAN,5419.4021,9:30,9:00,XYZ194,
ABC2,12/2/2039,VISTARA,BAN,CHI,5425.199886,12:00,11:30,XYZ195,
ABC3,1/2/2040,VISTARA,CHI,MBI,5430.997672,10:30,10:00,XYZ196,
ABC4,2/2/2040,VISTARA,MBI,DEL,5436.795458,11:30,11:00,XYZ197,
ABC5,3/2/2040,VISTARA,DEL,VIZ,5442.593243,9:30,9:00,XYZ198,
ABC6,4/2/2040,VISTARA,HYD,BAN,5448.391029,12:00,11:30,XYZ199,
ABC7,5/2/2040,VISTARA,BAN,CHI,5454.188815,10:30,10:00,XYZ200,
ABC8,6/2/2040,VISTARA,CHI,MBI,5459.986601,11:30,11:00,XYZ201,
ABC9,7/2/2040,VISTARA,MBI,DEL,5465.784387,9:30,9:00,XYZ202,
ABC0,8/2/2040,VISTARA,DEL,VIZ,5471.582173,12:00,11:30,XYZ203,
abc1,9/2/2040,VISTARA,HYD,BAN,5477.379959,10:30,10:00,XYZ204,
ABC2,10/2/2040,VISTARA,BAN,CHI,5483.177745,11:30,11:00,XYZ205,
ABC3,11/2/2040,VISTARA,CHI,MBI,5488.97553,9:30,9:00,XYZ206,
abc1,12/2/2040,VISTARA,HYD,BAN,5494.773316,10:30,10:00,XYZ207,
ABC2,1/2/2041,VISTARA,BAN,CHI,5500.571102,11:30,11:00,XYZ208,
ABC3,2/2/2041,VISTARA,CHI,MBI,5506.368888,9:30,9:00,XYZ209,
ABC4,3/2/2041,VISTARA,MBI,DEL,5512.166674,12:00,11:30,XYZ210,
ABC5,4/2/2041,VISTARA,DEL,VIZ,5517.96446,10:30,10:00,XYZ211,
ABC6,5/2/2041,VISTARA,HYD,BAN,5523.762246,11:30,11:00,XYZ212,
ABC7,6/2/2041,VISTARA,BAN,CHI,5529.560032,9:30,9:00,XYZ213,
ABC8,7/2/2041,VISTARA,CHI,MBI,5535.357818,12:00,11:30,XYZ214,
ABC9,8/2/2041,VISTARA,MBI,DEL,5541.155603,10:30,10:00,XYZ215,
ABC0,9/2/2041,VISTARA,DEL,VIZ,5546.953389,11:30,11:00,XYZ216,
abc1,10/2/2041,VISTARA,HYD,BAN,5552.751175,9:30,9:00,XYZ217,
ABC2,11/2/2041,VISTARA,BAN,CHI,5558.548961,12:00,11:30,XYZ218,
ABC3,12/2/2041,VISTARA,CHI,MBI,5564.346747,10:30,10:00,XYZ219,
ABC4,1/2/2042,VISTARA,MBI,DEL,5570.144533,11:30,11:00,XYZ220,
ABC5,2/2/2042,VISTARA,DEL,VIZ,5575.942319,9:30,9:00,XYZ221,
ABC6,3/2/2042,VISTARA,HYD,BAN,5581.740105,12:00,11:30,XYZ222,
ABC7,4/2/2042,VISTARA,BAN,CHI,5587.53789,10:30,10:00,XYZ223,
ABC8,5/2/2042,VISTARA,CHI,MBI,5593.335676,11:30,11:00,XYZ224,
ABC9,6/2/2042,VISTARA,MBI,DEL,5599.133462,9:30,9:00,XYZ225,
ABC0,7/2/2042,VISTARA,DEL,VIZ,5604.931248,12:00,11:30,XYZ226,
abc1,8/2/2042,VISTARA,HYD,BAN,5610.729034,10:30,10:00,XYZ227,
ABC2,9/2/2042,VISTARA,BAN,CHI,5616.52682,11:30,11:00,XYZ228,
ABC3,10/2/2042,VISTARA,CHI,MBI,5622.324606,9:30,9:00,XYZ229,
ABC4,11/2/2042,VISTARA,MBI,DEL,5628.122392,12:00,11:30,XYZ230,
ABC5,12/2/2042,VISTARA,DEL,VIZ,5633.920177,10:30,10:00,XYZ231,
ABC6,1/2/2043,VISTARA,HYD,BAN,5639.717963,11:30,11:00,XYZ232,
ABC7,2/2/2043,VISTARA,BAN,CHI,5645.515749,9:30,9:00,XYZ233,
ABC8,3/2/2043,VISTARA,CHI,MBI,5651.313535,12:00,11:30,XYZ234,
ABC9,4/2/2043,VISTARA,MBI,DEL,5657.111321,10:30,10:00,XYZ235,
ABC0,5/2/2043,VISTARA,DEL,VIZ,5662.909107,11:30,11:00,XYZ236,
abc1,6/2/2043,VISTARA,HYD,BAN,5668.706893,9:30,9:00,XYZ237,
ABC2,7/2/2043,VISTARA,BAN,CHI,5674.504679,12:00,11:30,XYZ238,
ABC3,8/2/2043,VISTARA,CHI,MBI,5680.302465,10:30,10:00,XYZ239,
ABC4,9/2/2043,VISTARA,MBI,DEL,5686.10025,11:30,11:00,XYZ240,
ABC5,10/2/2043,VISTARA,DEL,VIZ,5691.898036,9:30,9:00,XYZ241,
ABC6,11/2/2043,VISTARA,HYD,BAN,5697.695822,12:00,11:30,XYZ242,
ABC7,12/2/2043,VISTARA,BAN,CHI,5703.493608,10:30,10:00,XYZ243,
ABC8,1/2/2044,VISTARA,CHI,MBI,5709.291394,11:30,11:00,XYZ244,
ABC9,2/2/2044,VISTARA,MBI,DEL,5715.08918,9:30,9:00,XYZ245,
ABC0,3/2/2044,VISTARA,DEL,VIZ,5720.886966,12:00,11:30,XYZ246,
abc1,4/2/2044,VISTARA,HYD,BAN,5726.684752,10:30,10:00,XYZ247,
ABC2,5/2/2044,VISTARA,BAN,CHI,5732.482537,11:30,11:00,XYZ248,
ABC3,6/2/2044,VISTARA,CHI,MBI,5738.280323,9:30,9:00,XYZ249,
ABC4,7/2/2044,VISTARA,MBI,DEL,5744.078109,12:00,11:30,XYZ250,
ABC5,8/2/2044,VISTARA,DEL,VIZ,5749.875895,10:30,10:00,XYZ251,
ABC6,9/2/2044,VISTARA,HYD,BAN,5755.673681,11:30,11:00,XYZ252,
ABC7,10/2/2044,VISTARA,BAN,CHI,5761.471467,9:30,9:00,XYZ253,
ABC8,11/2/2044,VISTARA,CHI,MBI,5767.269253,12:00,11:30,XYZ254,
ABC9,12/2/2044,VISTARA,MBI,DEL,5773.067039,10:30,10:00,XYZ255,
ABC0,1/2/2045,VISTARA,DEL,VIZ,5778.864824,11:30,11:00,XYZ256,
abc1,2/2/2045,VISTARA,HYD,BAN,5784.66261,9:30,9:00,XYZ257,
ABC2,3/2/2045,VISTARA,BAN,CHI,5790.460396,12:00,11:30,XYZ258,
ABC3,4/2/2045,VISTARA,CHI,MBI,5796.258182,10:30,10:00,XYZ259,
ABC4,5/2/2045,VISTARA,MBI,DEL,5802.055968,11:30,11:00,XYZ260,
ABC5,6/2/2045,VISTARA,DEL,VIZ,5807.853754,9:30,9:00,XYZ261,
ABC6,7/2/2045,VISTARA,HYD,BAN,5813.65154,12:00,11:30,XYZ262,
ABC7,8/2/2045,VISTARA,BAN,CHI,5819.449326,10:30,10:00,XYZ263,
ABC8,9/2/2045,VISTARA,CHI,MBI,5825.247112,11:30,11:00,XYZ264,
ABC9,10/2/2045,VISTARA,MBI,DEL,5831.044897,9:30,9:00,XYZ265,
ABC0,11/2/2045,VISTARA,DEL,VIZ,5836.842683,12:00,11:30,XYZ266,
abc1,12/2/2045,VISTARA,HYD,BAN,5842.640469,10:30,10:00,XYZ267,
ABC2,1/2/2046,VISTARA,BAN,CHI,5848.438255,11:30,11:00,XYZ268,
ABC3,2/2/2046,VISTARA,CHI,MBI,5854.236041,9:30,9:00,XYZ269,
ABC4,3/2/2046,VISTARA,MBI,DEL,5860.033827,12:00,11:30,XYZ270,
ABC5,4/2/2046,VISTARA,DEL,VIZ,5865.831613,10:30,10:00,XYZ271,
ABC6,5/2/2046,VISTARA,HYD,BAN,5871.629399,11:30,11:00,XYZ272,
ABC7,6/2/2046,VISTARA,BAN,CHI,5877.427184,9:30,9:00,XYZ273,
ABC8,7/2/2046,VISTARA,CHI,MBI,5883.22497,12:00,11:30,XYZ274,
ABC9,8/2/2046,VISTARA,MBI,DEL,5889.022756,10:30,10:00,XYZ275,
ABC0,9/2/2046,VISTARA,DEL,VIZ,5894.820542,11:30,11:00,XYZ276,
abc1,10/2/2046,VISTARA,HYD,BAN,5900.618328,9:30,9:00,XYZ277,
ABC2,11/2/2046,VISTARA,BAN,CHI,5906.416114,12:00,11:30,XYZ278,
ABC3,12/2/2046,VISTARA,CHI,MBI,5912.2139,10:30,10:00,XYZ279,
ABC4,1/2/2047,VISTARA,MBI,DEL,5918.011686,11:30,11:00,XYZ280,
ABC5,2/2/2047,VISTARA,DEL,VIZ,5923.809472,9:30,9:00,XYZ281,
ABC6,3/2/2047,VISTARA,HYD,BAN,5929.607257,12:00,11:30,XYZ282,
ABC7,4/2/2047,VISTARA,BAN,CHI,5935.405043,10:30,10:00,XYZ283,
ABC8,5/2/2047,VISTARA,CHI,MBI,5941.202829,11:30,11:00,XYZ284,
ABC9,6/2/2047,VISTARA,MBI,DEL,5947.000615,9:30,9:00,XYZ285,
ABC0,7/2/2047,VISTARA,DEL,VIZ,5952.798401,12:00,11:30,XYZ286,
abc1,8/2/2047,VISTARA,HYD,BAN,5958.596187,10:30,10:00,XYZ287,
ABC2,9/2/2047,VISTARA,BAN,CHI,5964.393973,11:30,11:00,XYZ288,
ABC3,10/2/2047,VISTARA,CHI,MBI,5970.191759,9:30,9:00,XYZ289,
ABC4,11/2/2047,VISTARA,MBI,DEL,5975.989544,12:00,11:30,XYZ290,
ABC5,12/2/2047,VISTARA,DEL,VIZ,5981.78733,10:30,10:00,XYZ291,
ABC6,1/2/2048,VISTARA,HYD,BAN,5987.585116,11:30,11:00,XYZ292,
ABC7,2/2/2048,VISTARA,BAN,CHI,5993.382902,9:30,9:00,XYZ293,
ABC8,3/2/2048,VISTARA,CHI,MBI,5999.180688,12:00,11:30,XYZ294,
ABC9,4/2/2048,VISTARA,MBI,DEL,6004.978474,10:30,10:00,XYZ295,
ABC0,5/2/2048,VISTARA,DEL,VIZ,6010.77626,11:30,11:00,XYZ296,
abc1,6/2/2048,VISTARA,HYD,BAN,6016.574046,9:30,9:00,XYZ297,
ABC2,7/2/2048,VISTARA,BAN,CHI,6022.371831,12:00,11:30,XYZ298,
ABC3,8/2/2048,VISTARA,CHI,MBI,6028.169617,10:30,10:00,XYZ299,
ABC4,9/2/2048,VISTARA,MBI,DEL,6033.967403,11:30,11:00,XYZ300,
ABC5,10/2/2048,VISTARA,DEL,VIZ,6039.765189,9:30,9:00,XYZ301,
ABC6,11/2/2048,VISTARA,HYD,BAN,6045.562975,12:00,11:30,XYZ302,
ABC7,12/2/2048,VISTARA,BAN,CHI,6051.360761,10:30,10:00,XYZ303,
ABC8,1/2/2049,VISTARA,CHI,MBI,6057.158547,11:30,11:00,XYZ304,
ABC9,2/2/2049,VISTARA,MBI,DEL,6062.956333,9:30,9:00,XYZ305,
ABC0,3/2/2049,VISTARA,DEL,VIZ,6068.754119,12:00,11:30,XYZ306,
abc1,4/2/2049,VISTARA,HYD,BAN,6074.551904,10:30,10:00,XYZ307,
ABC2,5/2/2049,VISTARA,BAN,CHI,6080.34969,11:30,11:00,XYZ308,
ABC3,6/2/2049,VISTARA,CHI,MBI,6086.147476,9:30,9:00,XYZ309,
abc1,7/2/2049,VISTARA,HYD,BAN,6091.945262,10:30,10:00,XYZ310,
ABC2,8/2/2049,VISTARA,BAN,CHI,6097.743048,11:30,11:00,XYZ311,
ABC3,9/2/2049,VISTARA,CHI,MBI,6103.540834,9:30,9:00,XYZ312,
ABC4,10/2/2049,VISTARA,MBI,DEL,6109.33862,12:00,11:30,XYZ313,
ABC5,11/2/2049,VISTARA,DEL,VIZ,6115.136406,10:30,10:00,XYZ314,
ABC6,12/2/2049,VISTARA,HYD,BAN,6120.934191,11:30,11:00,XYZ315,
ABC7,1/2/2050,VISTARA,BAN,CHI,6126.731977,9:30,9:00,XYZ316,
ABC8,2/2/2050,VISTARA,CHI,MBI,6132.529763,12:00,11:30,XYZ317,
ABC9,3/2/2050,VISTARA,MBI,DEL,6138.327549,10:30,10:00,XYZ318,
ABC0,4/2/2050,VISTARA,DEL,VIZ,6144.125335,11:30,11:00,XYZ319,
abc1,5/2/2050,VISTARA,HYD,BAN,6149.923121,9:30,9:00,XYZ320,
ABC2,6/2/2050,VISTARA,BAN,CHI,6155.720907,12:00,11:30,XYZ321,
ABC3,7/2/2050,VISTARA,CHI,MBI,6161.518693,10:30,10:00,XYZ322,
ABC4,8/2/2050,VISTARA,MBI,DEL,6167.316478,11:30,11:00,XYZ323,
ABC5,9/2/2050,VISTARA,DEL,VIZ,6173.114264,9:30,9:00,XYZ324,
ABC6,10/2/2050,VISTARA,HYD,BAN,6178.91205,12:00,11:30,XYZ325,
ABC7,11/2/2050,VISTARA,BAN,CHI,6184.709836,10:30,10:00,XYZ326,
ABC8,12/2/2050,VISTARA,CHI,MBI,6190.507622,11:30,11:00,XYZ327,
ABC9,1/2/2051,VISTARA,MBI,DEL,6196.305408,9:30,9:00,XYZ328,
ABC0,2/2/2051,VISTARA,DEL,VIZ,6202.103194,12:00,11:30,XYZ329,
abc1,3/2/2051,VISTARA,HYD,BAN,6207.90098,10:30,10:00,XYZ330,
ABC2,4/2/2051,VISTARA,BAN,CHI,6213.698766,11:30,11:00,XYZ331,
ABC3,5/2/2051,VISTARA,CHI,MBI,6219.496551,9:30,9:00,XYZ332,
ABC4,6/2/2051,VISTARA,MBI,DEL,6225.294337,12:00,11:30,XYZ333,
ABC5,7/2/2051,VISTARA,DEL,VIZ,6231.092123,10:30,10:00,XYZ334,
ABC6,8/2/2051,VISTARA,HYD,BAN,6236.889909,11:30,11:00,XYZ335,
ABC7,9/2/2051,VISTARA,BAN,CHI,6242.687695,9:30,9:00,XYZ336,
ABC8,10/2/2051,VISTARA,CHI,MBI,6248.485481,12:00,11:30,XYZ337,
ABC9,11/2/2051,VISTARA,MBI,DEL,6254.283267,10:30,10:00,XYZ338,
ABC0,12/2/2051,VISTARA,DEL,VIZ,6260.081053,11:30,11:00,XYZ339,
abc1,1/2/2052,VISTARA,HYD,BAN,6265.878838,9:30,9:00,XYZ340,
ABC2,2/2/2052,VISTARA,BAN,CHI,6271.676624,12:00,11:30,XYZ341,
ABC3,3/2/2052,VISTARA,CHI,MBI,6277.47441,10:30,10:00,XYZ342,
ABC4,4/2/2052,VISTARA,MBI,DEL,6283.272196,11:30,11:00,XYZ343,
ABC5,5/2/2052,VISTARA,DEL,VIZ,6289.069982,9:30,9:00,XYZ344,
ABC6,6/2/2052,VISTARA,HYD,BAN,6294.867768,12:00,11:30,XYZ345,
ABC7,7/2/2052,VISTARA,BAN,CHI,6300.665554,10:30,10:00,XYZ346,
ABC8,8/2/2052,VISTARA,CHI,MBI,6306.46334,11:30,11:00,XYZ347,
ABC9,9/2/2052,VISTARA,MBI,DEL,6312.261126,9:30,9:00,XYZ348,
ABC0,10/2/2052,VISTARA,DEL,VIZ,6318.058911,12:00,11:30,XYZ349,
abc1,11/2/2052,VISTARA,HYD,BAN,6323.856697,10:30,10:00,XYZ350,
ABC2,12/2/2052,VISTARA,BAN,CHI,6329.654483,11:30,11:00,XYZ351,
ABC3,1/2/2053,VISTARA,CHI,MBI,6335.452269,9:30,9:00,XYZ352,
ABC4,2/2/2053,VISTARA,MBI,DEL,6341.250055,12:00,11:30,XYZ353,
ABC5,3/2/2053,VISTARA,DEL,VIZ,6347.047841,10:30,10:00,XYZ354,
ABC6,4/2/2053,VISTARA,HYD,BAN,6352.845627,11:30,11:00,XYZ355,
ABC7,5/2/2053,VISTARA,BAN,CHI,6358.643413,9:30,9:00,XYZ356,
ABC8,6/2/2053,VISTARA,CHI,MBI,6364.441198,12:00,11:30,XYZ357,
ABC9,7/2/2053,VISTARA,MBI,DEL,6370.238984,10:30,10:00,XYZ358,
ABC0,8/2/2053,VISTARA,DEL,VIZ,6376.03677,11:30,11:00,XYZ359,
abc1,9/2/2053,VISTARA,HYD,BAN,6381.834556,9:30,9:00,XYZ360,
ABC2,10/2/2053,VISTARA,BAN,CHI,6387.632342,12:00,11:30,XYZ361,
ABC3,11/2/2053,VISTARA,CHI,MBI,6393.430128,10:30,10:00,XYZ362,
ABC4,12/2/2053,VISTARA,MBI,DEL,6399.227914,11:30,11:00,XYZ363,
ABC5,1/2/2054,VISTARA,DEL,VIZ,6405.0257,9:30,9:00,XYZ364,
ABC6,2/2/2054,VISTARA,HYD,BAN,6410.823485,12:00,11:30,XYZ365,
ABC7,3/2/2054,VISTARA,BAN,CHI,6416.621271,10:30,10:00,XYZ366,
ABC8,4/2/2054,VISTARA,CHI,MBI,6422.419057,11:30,11:00,XYZ367,
ABC9,5/2/2054,VISTARA,MBI,DEL,6428.216843,9:30,9:00,XYZ368,
ABC0,6/2/2054,VISTARA,DEL,VIZ,6434.014629,12:00,11:30,XYZ369,
abc1,7/2/2054,VISTARA,HYD,BAN,6439.812415,10:30,10:00,XYZ370,
ABC2,8/2/2054,VISTARA,BAN,CHI,6445.610201,11:30,11:00,XYZ371,
ABC3,9/2/2054,VISTARA,CHI,MBI,6451.407987,9:30,9:00,XYZ372,
ABC4,10/2/2054,VISTARA,MBI,DEL,6457.205773,12:00,11:30,XYZ373,
ABC5,11/2/2054,VISTARA,DEL,VIZ,6463.003558,10:30,10:00,XYZ374,
ABC6,12/2/2054,VISTARA,HYD,BAN,6468.801344,11:30,11:00,XYZ375,
ABC7,1/2/2055,VISTARA,BAN,CHI,6474.59913,9:30,9:00,XYZ376,
ABC8,2/2/2055,VISTARA,CHI,MBI,6480.396916,12:00,11:30,XYZ377,
ABC9,3/2/2055,VISTARA,MBI,DEL,6486.194702,10:30,10:00,XYZ378,
ABC0,4/2/2055,VISTARA,DEL,VIZ,6491.992488,11:30,11:00,XYZ379,
abc1,5/2/2055,VISTARA,HYD,BAN,6497.790274,9:30,9:00,XYZ380,
ABC2,6/2/2055,VISTARA,BAN,CHI,6503.58806,12:00,11:30,XYZ381,
ABC3,7/2/2055,VISTARA,CHI,MBI,6509.385845,10:30,10:00,XYZ382,
ABC4,8/2/2055,VISTARA,MBI,DEL,6515.183631,11:30,11:00,XYZ383,
ABC5,9/2/2055,VISTARA,DEL,VIZ,6520.981417,9:30,9:00,XYZ384,
ABC6,10/2/2055,VISTARA,HYD,BAN,6526.779203,12:00,11:30,XYZ385,
ABC7,11/2/2055,VISTARA,BAN,CHI,6532.576989,10:30,10:00,XYZ386,
ABC8,12/2/2055,VISTARA,CHI,MBI,6538.374775,11:30,11:00,XYZ387,
ABC9,1/2/2056,VISTARA,MBI,DEL,6544.172561,9:30,9:00,XYZ388,
ABC0,2/2/2056,VISTARA,DEL,VIZ,6549.970347,12:00,11:30,XYZ389,
abc1,3/2/2056,VISTARA,HYD,BAN,6555.768132,10:30,10:00,XYZ390,
ABC2,4/2/2056,VISTARA,BAN,CHI,6561.565918,11:30,11:00,XYZ391,
ABC3,5/2/2056,VISTARA,CHI,MBI,6567.363704,9:30,9:00,XYZ392,
ABC4,6/2/2056,VISTARA,MBI,DEL,6573.16149,12:00,11:30,XYZ393,
ABC5,7/2/2056,VISTARA,DEL,VIZ,6578.959276,10:30,10:00,XYZ394,
ABC6,8/2/2056,VISTARA,HYD,BAN,6584.757062,11:30,11:00,XYZ395,
ABC7,9/2/2056,VISTARA,BAN,CHI,6590.554848,9:30,9:00,XYZ396,
ABC8,10/2/2056,VISTARA,CHI,MBI,6596.352634,12:00,11:30,XYZ397,
ABC9,11/2/2056,VISTARA,MBI,DEL,6602.15042,10:30,10:00,XYZ398,
ABC0,12/2/2056,VISTARA,DEL,VIZ,6607.948205,11:30,11:00,XYZ399,
abc1,1/2/2057,VISTARA,HYD,BAN,6613.745991,9:30,9:00,XYZ400,
ABC2,2/2/2057,VISTARA,BAN,CHI,6619.543777,12:00,11:30,XYZ401,
ABC3,3/2/2057,VISTARA,CHI,MBI,6625.341563,10:30,10:00,XYZ402,
ABC4,4/2/2057,VISTARA,MBI,DEL,6631.139349,11:30,11:00,XYZ403,
ABC5,5/2/2057,VISTARA,DEL,VIZ,6636.937135,9:30,9:00,XYZ404,
ABC6,6/2/2057,VISTARA,HYD,BAN,6642.734921,12:00,11:30,XYZ405,
ABC7,7/2/2057,VISTARA,BAN,CHI,6648.532707,10:30,10:00,XYZ406,
ABC8,8/2/2057,VISTARA,CHI,MBI,6654.330492,11:30,11:00,XYZ407,
ABC9,9/2/2057,VISTARA,MBI,DEL,6660.128278,9:30,9:00,XYZ408,
ABC0,10/2/2057,VISTARA,DEL,VIZ,6665.926064,12:00,11:30,XYZ409,
abc1,11/2/2057,VISTARA,HYD,BAN,6671.72385,10:30,10:00,XYZ410,
ABC2,12/2/2057,VISTARA,BAN,CHI,6677.521636,11:30,11:00,XYZ411,
ABC3,1/2/2058,VISTARA,CHI,MBI,6683.319422,9:30,9:00,XYZ412,
abc1,2/2/2058,VISTARA,HYD,BAN,6689.117208,10:30,10:00,XYZ413,
ABC2,3/2/2058,VISTARA,BAN,CHI,6694.914994,11:30,11:00,XYZ414,
ABC3,4/2/2058,VISTARA,CHI,MBI,6700.71278,9:30,9:00,XYZ415,
ABC4,5/2/2058,VISTARA,MBI,DEL,6706.510565,12:00,11:30,XYZ416,
ABC5,6/2/2058,VISTARA,DEL,VIZ,6712.308351,10:30,10:00,XYZ417,
ABC6,7/2/2058,VISTARA,HYD,BAN,6718.106137,11:30,11:00,XYZ418,
ABC7,8/2/2058,VISTARA,BAN,CHI,6723.903923,9:30,9:00,XYZ419,
ABC8,9/2/2058,VISTARA,CHI,MBI,6729.701709,12:00,11:30,XYZ420,
ABC9,10/2/2058,VISTARA,MBI,DEL,6735.499495,10:30,10:00,XYZ421,
ABC0,11/2/2058,VISTARA,DEL,VIZ,6741.297281,11:30,11:00,XYZ422,
abc1,12/2/2058,VISTARA,HYD,BAN,6747.095067,9:30,9:00,XYZ423,
ABC2,1/2/2059,VISTARA,BAN,CHI,6752.892852,12:00,11:30,XYZ424,
ABC3,2/2/2059,VISTARA,CHI,MBI,6758.690638,10:30,10:00,XYZ425,
ABC4,3/2/2059,VISTARA,MBI,DEL,6764.488424,11:30,11:00,XYZ426,
ABC5,4/2/2059,VISTARA,DEL,VIZ,6770.28621,9:30,9:00,XYZ427,
ABC6,5/2/2059,VISTARA,HYD,BAN,6776.083996,12:00,11:30,XYZ428,
ABC7,6/2/2059,VISTARA,BAN,CHI,6781.881782,10:30,10:00,XYZ429,
ABC8,7/2/2059,VISTARA,CHI,MBI,6787.679568,11:30,11:00,XYZ430,
ABC9,8/2/2059,VISTARA,MBI,DEL,6793.477354,9:30,9:00,XYZ431,
ABC0,9/2/2059,VISTARA,DEL,VIZ,6799.275139,12:00,11:30,XYZ432,
abc1,10/2/2059,VISTARA,HYD,BAN,6805.072925,10:30,10:00,XYZ433,
ABC2,11/2/2059,VISTARA,BAN,CHI,6810.870711,11:30,11:00,XYZ434,
ABC3,12/2/2059,VISTARA,CHI,MBI,6816.668497,9:30,9:00,XYZ435,
ABC4,1/2/2060,VISTARA,MBI,DEL,6822.466283,12:00,11:30,XYZ436,
ABC5,2/2/2060,VISTARA,DEL,VIZ,6828.264069,10:30,10:00,XYZ437,
ABC6,3/2/2060,VISTARA,HYD,BAN,6834.061855,11:30,11:00,XYZ438,
ABC7,4/2/2060,VISTARA,BAN,CHI,6839.859641,9:30,9:00,XYZ439,
ABC8,5/2/2060,VISTARA,CHI,MBI,6845.657427,12:00,11:30,XYZ440,
ABC9,6/2/2060,VISTARA,MBI,DEL,6851.455212,10:30,10:00,XYZ441,
ABC0,7/2/2060,VISTARA,DEL,VIZ,6857.252998,11:30,11:00,XYZ442,
abc1,8/2/2060,VISTARA,HYD,BAN,6863.050784,9:30,9:00,XYZ443,
ABC2,9/2/2060,VISTARA,BAN,CHI,6868.84857,12:00,11:30,XYZ444,
ABC3,10/2/2060,VISTARA,CHI,MBI,6874.646356,10:30,10:00,XYZ445,
ABC4,11/2/2060,VISTARA,MBI,DEL,6880.444142,11:30,11:00,XYZ446,
ABC5,12/2/2060,VISTARA,DEL,VIZ,6886.241928,9:30,9:00,XYZ447,
ABC6,1/2/2061,VISTARA,HYD,BAN,6892.039714,12:00,11:30,XYZ448,
ABC7,2/2/2061,VISTARA,BAN,CHI,6897.837499,10:30,10:00,XYZ449,
ABC8,3/2/2061,VISTARA,CHI,MBI,6903.635285,11:30,11:00,XYZ450,
ABC9,4/2/2061,VISTARA,MBI,DEL,6909.433071,9:30,9:00,XYZ451,
ABC0,5/2/2061,VISTARA,DEL,VIZ,6915.230857,12:00,11:30,XYZ452,
abc1,6/2/2061,VISTARA,HYD,BAN,6921.028643,10:30,10:00,XYZ453,
ABC2,7/2/2061,VISTARA,BAN,CHI,6926.826429,11:30,11:00,XYZ454,
ABC3,8/2/2061,VISTARA,CHI,MBI,6932.624215,9:30,9:00,XYZ455,
ABC4,9/2/2061,VISTARA,MBI,DEL,6938.422001,12:00,11:30,XYZ456,
ABC5,10/2/2061,VISTARA,DEL,VIZ,6944.219786,10:30,10:00,XYZ457,
ABC6,11/2/2061,VISTARA,HYD,BAN,6950.017572,11:30,11:00,XYZ458,
ABC7,12/2/2061,VISTARA,BAN,CHI,6955.815358,9:30,9:00,XYZ459,
ABC8,1/2/2062,VISTARA,CHI,MBI,6961.613144,12:00,11:30,XYZ460,
ABC9,2/2/2062,VISTARA,MBI,DEL,6967.41093,10:30,10:00,XYZ461,
ABC0,3/2/2062,VISTARA,DEL,VIZ,6973.208716,11:30,11:00,XYZ462,
abc1,4/2/2062,VISTARA,HYD,BAN,6979.006502,9:30,9:00,XYZ463,
ABC2,5/2/2062,VISTARA,BAN,CHI,6984.804288,12:00,11:30,XYZ464,
ABC3,6/2/2062,VISTARA,CHI,MBI,6990.602074,10:30,10:00,XYZ465,
ABC4,7/2/2062,VISTARA,MBI,DEL,6996.399859,11:30,11:00,XYZ466,
ABC5,8/2/2062,VISTARA,DEL,VIZ,7002.197645,9:30,9:00,XYZ467,
ABC6,9/2/2062,VISTARA,HYD,BAN,7007.995431,12:00,11:30,XYZ468,
ABC7,10/2/2062,VISTARA,BAN,CHI,7013.793217,10:30,10:00,XYZ469,
ABC8,11/2/2062,VISTARA,CHI,MBI,7019.591003,11:30,11:00,XYZ470,
ABC9,12/2/2062,VISTARA,MBI,DEL,7025.388789,9:30,9:00,XYZ471,
ABC0,1/2/2063,VISTARA,DEL,VIZ,7031.186575,12:00,11:30,XYZ472,
abc1,2/2/2063,VISTARA,HYD,BAN,7036.984361,10:30,10:00,XYZ473,
ABC2,3/2/2063,VISTARA,BAN,CHI,7042.782146,11:30,11:00,XYZ474,
ABC3,4/2/2063,VISTARA,CHI,MBI,7048.579932,9:30,9:00,XYZ475,
ABC4,5/2/2063,VISTARA,MBI,DEL,7054.377718,12:00,11:30,XYZ476,
ABC5,6/2/2063,VISTARA,DEL,VIZ,7060.175504,10:30,10:00,XYZ477,
ABC6,7/2/2063,VISTARA,HYD,BAN,7065.97329,11:30,11:00,XYZ478,
ABC7,8/2/2063,VISTARA,BAN,CHI,7071.771076,9:30,9:00,XYZ479,
ABC8,9/2/2063,VISTARA,CHI,MBI,7077.568862,12:00,11:30,XYZ480,
ABC9,10/2/2063,VISTARA,MBI,DEL,7083.366648,10:30,10:00,XYZ481,
ABC0,11/2/2063,VISTARA,DEL,VIZ,7089.164434,11:30,11:00,XYZ482,
abc1,12/2/2063,VISTARA,HYD,BAN,7094.962219,9:30,9:00,XYZ483,
ABC2,1/2/2064,VISTARA,BAN,CHI,7100.760005,12:00,11:30,XYZ484,
ABC3,2/2/2064,VISTARA,CHI,MBI,7106.557791,10:30,10:00,XYZ485,
ABC4,3/2/2064,VISTARA,MBI,DEL,7112.355577,11:30,11:00,XYZ486,
ABC5,4/2/2064,VISTARA,DEL,VIZ,7118.153363,9:30,9:00,XYZ487,
ABC6,5/2/2064,VISTARA,HYD,BAN,7123.951149,12:00,11:30,XYZ488,
ABC7,6/2/2064,VISTARA,BAN,CHI,7129.748935,10:30,10:00,XYZ489,
ABC8,7/2/2064,VISTARA,CHI,MBI,7135.546721,11:30,11:00,XYZ490,
ABC9,8/2/2064,VISTARA,MBI,DEL,7141.344506,9:30,9:00,XYZ491,
ABC0,9/2/2064,VISTARA,DEL,VIZ,7147.142292,12:00,11:30,XYZ492,
abc1,10/2/2064,VISTARA,HYD,BAN,7152.940078,10:30,10:00,XYZ493,
ABC2,11/2/2064,VISTARA,BAN,CHI,7158.737864,11:30,11:00,XYZ494,
ABC3,12/2/2064,VISTARA,CHI,MBI,7164.53565,9:30,9:00,XYZ495,
ABC4,1/2/2065,VISTARA,MBI,DEL,7170.333436,12:00,11:30,XYZ496,
ABC5,2/2/2065,VISTARA,DEL,VIZ,7176.131222,10:30,10:00,XYZ497,
ABC6,3/2/2065,VISTARA,HYD,BAN,7181.929008,11:30,11:00,XYZ498,
ABC7,4/2/2065,VISTARA,BAN,CHI,7187.726793,9:30,9:00,XYZ499,
ABC8,5/2/2065,VISTARA,CHI,MBI,7193.524579,12:00,11:30,XYZ500,
ABC9,6/2/2065,VISTARA,MBI,DEL,7199.322365,10:30,10:00,XYZ501,
ABC0,7/2/2065,VISTARA,DEL,VIZ,7205.120151,11:30,11:00,XYZ502,
abc1,8/2/2065,VISTARA,HYD,BAN,7210.917937,9:30,9:00,XYZ503,
ABC2,9/2/2065,VISTARA,BAN,CHI,7216.715723,12:00,11:30,XYZ504,
ABC3,10/2/2065,VISTARA,CHI,MBI,7222.513509,10:30,10:00,XYZ505,
ABC4,11/2/2065,VISTARA,MBI,DEL,7228.311295,11:30,11:00,XYZ506,
ABC5,12/2/2065,VISTARA,DEL,VIZ,7234.109081,9:30,9:00,XYZ507,
ABC6,1/2/2066,VISTARA,HYD,BAN,7239.906866,12:00,11:30,XYZ508,
ABC7,2/2/2066,VISTARA,BAN,CHI,7245.704652,10:30,10:00,XYZ509,
ABC8,3/2/2066,VISTARA,CHI,MBI,7251.502438,11:30,11:00,XYZ510,
ABC9,4/2/2066,VISTARA,MBI,DEL,7257.300224,9:30,9:00,XYZ511,
ABC0,5/2/2066,VISTARA,DEL,VIZ,7263.09801,12:00,11:30,XYZ512,
abc1,6/2/2066,VISTARA,HYD,BAN,7268.895796,10:30,10:00,XYZ513,
ABC2,7/2/2066,VISTARA,BAN,CHI,7274.693582,11:30,11:00,XYZ514,
ABC3,8/2/2066,VISTARA,CHI,MBI,7280.491368,9:30,9:00,XYZ515,
abc1,9/2/2066,VISTARA,HYD,BAN,7286.289153,10:30,10:00,XYZ516,
ABC2,10/2/2066,VISTARA,BAN,CHI,7292.086939,11:30,11:00,XYZ517,
ABC3,11/2/2066,VISTARA,CHI,MBI,7297.884725,9:30,9:00,XYZ518,
ABC4,12/2/2066,VISTARA,MBI,DEL,7303.682511,12:00,11:30,XYZ519,
ABC5,1/2/2067,VISTARA,DEL,VIZ,7309.480297,10:30,10:00,XYZ520,
ABC6,2/2/2067,VISTARA,HYD,BAN,7315.278083,11:30,11:00,XYZ521,
ABC7,3/2/2067,VISTARA,BAN,CHI,7321.075869,9:30,9:00,XYZ522,
ABC8,4/2/2067,VISTARA,CHI,MBI,7326.873655,12:00,11:30,XYZ523,
ABC9,5/2/2067,VISTARA,MBI,DEL,7332.67144,10:30,10:00,XYZ524,
ABC0,6/2/2067,VISTARA,DEL,VIZ,7338.469226,11:30,11:00,XYZ525,
abc1,7/2/2067,VISTARA,HYD,BAN,7344.267012,9:30,9:00,XYZ526,
ABC2,8/2/2067,VISTARA,BAN,CHI,7350.064798,12:00,11:30,XYZ527,
ABC3,9/2/2067,VISTARA,CHI,MBI,7355.862584,10:30,10:00,XYZ528,
ABC4,10/2/2067,VISTARA,MBI,DEL,7361.66037,11:30,11:00,XYZ529,
ABC5,11/2/2067,VISTARA,DEL,VIZ,7367.458156,9:30,9:00,XYZ530,
ABC6,12/2/2067,VISTARA,HYD,BAN,7373.255942,12:00,11:30,XYZ531,
ABC7,1/2/2068,VISTARA,BAN,CHI,7379.053728,10:30,10:00,XYZ532,
ABC8,2/2/2068,VISTARA,CHI,MBI,7384.851513,11:30,11:00,XYZ533,
ABC9,3/2/2068,VISTARA,MBI,DEL,7390.649299,9:30,9:00,XYZ534,
ABC0,4/2/2068,VISTARA,DEL,VIZ,7396.447085,12:00,11:30,XYZ535,
abc1,5/2/2068,VISTARA,HYD,BAN,7402.244871,10:30,10:00,XYZ536,
ABC2,6/2/2068,VISTARA,BAN,CHI,7408.042657,11:30,11:00,XYZ537,
ABC3,7/2/2068,VISTARA,CHI,MBI,7413.840443,9:30,9:00,XYZ538,
ABC4,8/2/2068,VISTARA,MBI,DEL,7419.638229,12:00,11:30,XYZ539,
ABC5,9/2/2068,VISTARA,DEL,VIZ,7425.436015,10:30,10:00,XYZ540,
ABC6,10/2/2068,VISTARA,HYD,BAN,7431.2338,11:30,11:00,XYZ541,
ABC7,11/2/2068,VISTARA,BAN,CHI,7437.031586,9:30,9:00,XYZ542,
ABC8,12/2/2068,VISTARA,CHI,MBI,7442.829372,12:00,11:30,XYZ543,
ABC9,1/2/2069,VISTARA,MBI,DEL,7448.627158,10:30,10:00,XYZ544,
ABC0,2/2/2069,VISTARA,DEL,VIZ,7454.424944,11:30,11:00,XYZ545,
abc1,3/2/2069,VISTARA,HYD,BAN,7460.22273,9:30,9:00,XYZ546,
ABC2,4/2/2069,VISTARA,BAN,CHI,7466.020516,12:00,11:30,XYZ547,
ABC3,5/2/2069,VISTARA,CHI,MBI,7471.818302,10:30,10:00,XYZ548,
ABC4,6/2/2069,VISTARA,MBI,DEL,7477.616088,11:30,11:00,XYZ549,
ABC5,7/2/2069,VISTARA,DEL,VIZ,7483.413873,9:30,9:00,XYZ550,
ABC6,8/2/2069,VISTARA,HYD,BAN,7489.211659,12:00,11:30,XYZ551,
ABC7,9/2/2069,VISTARA,BAN,CHI,7495.009445,10:30,10:00,XYZ552,
ABC8,10/2/2069,VISTARA,CHI,MBI,7500.807231,11:30,11:00,XYZ553,
ABC9,11/2/2069,VISTARA,MBI,DEL,7506.605017,9:30,9:00,XYZ554,
ABC0,12/2/2069,VISTARA,DEL,VIZ,7512.402803,12:00,11:30,XYZ555,
abc1,1/2/2070,VISTARA,HYD,BAN,7518.200589,10:30,10:00,XYZ556,
ABC2,2/2/2070,VISTARA,BAN,CHI,7523.998375,11:30,11:00,XYZ557,
ABC3,3/2/2070,VISTARA,CHI,MBI,7529.79616,9:30,9:00,XYZ558,
ABC4,4/2/2070,VISTARA,MBI,DEL,7535.593946,12:00,11:30,XYZ559,
ABC5,5/2/2070,VISTARA,DEL,VIZ,7541.391732,10:30,10:00,XYZ560,
ABC6,6/2/2070,VISTARA,HYD,BAN,7547.189518,11:30,11:00,XYZ561,
ABC7,7/2/2070,VISTARA,BAN,CHI,7552.987304,9:30,9:00,XYZ562,
ABC8,8/2/2070,VISTARA,CHI,MBI,7558.78509,12:00,11:30,XYZ563,
ABC9,9/2/2070,VISTARA,MBI,DEL,7564.582876,10:30,10:00,XYZ564,
ABC0,10/2/2070,VISTARA,DEL,VIZ,7570.380662,11:30,11:00,XYZ565,
abc1,11/2/2070,VISTARA,HYD,BAN,7576.178447,9:30,9:00,XYZ566,
ABC2,12/2/2070,VISTARA,BAN,CHI,7581.976233,12:00,11:30,XYZ567,
ABC3,1/2/2071,VISTARA,CHI,MBI,7587.774019,10:30,10:00,XYZ568,
ABC4,2/2/2071,VISTARA,MBI,DEL,7593.571805,11:30,11:00,XYZ569,
ABC5,3/2/2071,VISTARA,DEL,VIZ,7599.369591,9:30,9:00,XYZ570,
ABC6,4/2/2071,VISTARA,HYD,BAN,7605.167377,12:00,11:30,XYZ571,
ABC7,5/2/2071,VISTARA,BAN,CHI,7610.965163,10:30,10:00,XYZ572,
ABC8,6/2/2071,VISTARA,CHI,MBI,7616.762949,11:30,11:00,XYZ573,
ABC9,7/2/2071,VISTARA,MBI,DEL,7622.560735,9:30,9:00,XYZ574,
ABC0,8/2/2071,VISTARA,DEL,VIZ,7628.35852,12:00,11:30,XYZ575,
abc1,9/2/2071,VISTARA,HYD,BAN,7634.156306,10:30,10:00,XYZ576,
ABC2,10/2/2071,VISTARA,BAN,CHI,7639.954092,11:30,11:00,XYZ577,
ABC3,11/2/2071,VISTARA,CHI,MBI,7645.751878,9:30,9:00,XYZ578,
ABC4,12/2/2071,VISTARA,MBI,DEL,7651.549664,12:00,11:30,XYZ579,
ABC5,1/2/2072,VISTARA,DEL,VIZ,7657.34745,10:30,10:00,XYZ580,
ABC6,2/2/2072,VISTARA,HYD,BAN,7663.145236,11:30,11:00,XYZ581,
ABC7,3/2/2072,VISTARA,BAN,CHI,7668.943022,9:30,9:00,XYZ582,
ABC8,4/2/2072,VISTARA,CHI,MBI,7674.740807,12:00,11:30,XYZ583,
ABC9,5/2/2072,VISTARA,MBI,DEL,7680.538593,10:30,10:00,XYZ584,
ABC0,6/2/2072,VISTARA,DEL,VIZ,7686.336379,11:30,11:00,XYZ585,
abc1,7/2/2072,VISTARA,HYD,BAN,7692.134165,9:30,9:00,XYZ586,
ABC2,8/2/2072,VISTARA,BAN,CHI,7697.931951,12:00,11:30,XYZ587,
ABC3,9/2/2072,VISTARA,CHI,MBI,7703.729737,10:30,10:00,XYZ588,
ABC4,10/2/2072,VISTARA,MBI,DEL,7709.527523,11:30,11:00,XYZ589,
ABC5,11/2/2072,VISTARA,DEL,VIZ,7715.325309,9:30,9:00,XYZ590,
ABC6,12/2/2072,VISTARA,HYD,BAN,7721.123094,12:00,11:30,XYZ591,
ABC7,1/2/2073,VISTARA,BAN,CHI,7726.92088,10:30,10:00,XYZ592,
ABC8,2/2/2073,VISTARA,CHI,MBI,7732.718666,11:30,11:00,XYZ593,
ABC9,3/2/2073,VISTARA,MBI,DEL,7738.516452,9:30,9:00,XYZ594,
ABC0,4/2/2073,VISTARA,DEL,VIZ,7744.314238,12:00,11:30,XYZ595,
abc1,5/2/2073,VISTARA,HYD,BAN,7750.112024,10:30,10:00,XYZ596,
ABC2,6/2/2073,VISTARA,BAN,CHI,7755.90981,11:30,11:00,XYZ597,
ABC3,7/2/2073,VISTARA,CHI,MBI,7761.707596,9:30,9:00,XYZ598,
ABC4,8/2/2073,VISTARA,MBI,DEL,7767.505382,12:00,11:30,XYZ599,
ABC5,9/2/2073,VISTARA,DEL,VIZ,7773.303167,10:30,10:00,XYZ600,
ABC6,10/2/2073,VISTARA,HYD,BAN,7779.100953,11:30,11:00,XYZ601,
ABC7,11/2/2073,VISTARA,BAN,CHI,7784.898739,9:30,9:00,XYZ602,
ABC8,12/2/2073,VISTARA,CHI,MBI,7790.696525,12:00,11:30,XYZ603,
ABC9,1/2/2074,VISTARA,MBI,DEL,7796.494311,10:30,10:00,XYZ604,
ABC0,2/2/2074,VISTARA,DEL,VIZ,7802.292097,11:30,11:00,XYZ605,
abc1,3/2/2074,VISTARA,HYD,BAN,7808.089883,9:30,9:00,XYZ606,
ABC2,4/2/2074,VISTARA,BAN,CHI,7813.887669,12:00,11:30,XYZ607,
ABC3,5/2/2074,VISTARA,CHI,MBI,7819.685454,10:30,10:00,XYZ608,
ABC4,6/2/2074,VISTARA,MBI,DEL,7825.48324,11:30,11:00,XYZ609,
ABC5,7/2/2074,VISTARA,DEL,VIZ,7831.281026,9:30,9:00,XYZ610,
ABC6,8/2/2074,VISTARA,HYD,BAN,7837.078812,12:00,11:30,XYZ611,
ABC7,9/2/2074,VISTARA,BAN,CHI,7842.876598,10:30,10:00,XYZ612,
ABC8,10/2/2074,VISTARA,CHI,MBI,7848.674384,11:30,11:00,XYZ613,
ABC9,11/2/2074,VISTARA,MBI,DEL,7854.47217,9:30,9:00,XYZ614,
ABC0,12/2/2074,VISTARA,DEL,VIZ,7860.269956,12:00,11:30,XYZ615,
abc1,1/2/2075,VISTARA,HYD,BAN,7866.067742,10:30,10:00,XYZ616,
ABC2,2/2/2075,VISTARA,BAN,CHI,7871.865527,11:30,11:00,XYZ617,
ABC3,3/2/2075,VISTARA,CHI,MBI,7877.663313,9:30,9:00,XYZ618,
abc1,4/2/2075,VISTARA,HYD,BAN,7883.461099,10:30,10:00,XYZ619,
ABC2,5/2/2075,VISTARA,BAN,CHI,7889.258885,11:30,11:00,XYZ620,
ABC3,6/2/2075,VISTARA,CHI,MBI,7895.056671,9:30,9:00,XYZ621,
ABC4,7/2/2075,VISTARA,MBI,DEL,7900.854457,12:00,11:30,XYZ622,
ABC5,8/2/2075,VISTARA,DEL,VIZ,7906.652243,10:30,10:00,XYZ623,
ABC6,9/2/2075,VISTARA,HYD,BAN,7912.450029,11:30,11:00,XYZ624,
ABC7,10/2/2075,VISTARA,BAN,CHI,7918.247814,9:30,9:00,XYZ625,
ABC8,11/2/2075,VISTARA,CHI,MBI,7924.0456,12:00,11:30,XYZ626,
ABC9,12/2/2075,VISTARA,MBI,DEL,7929.843386,10:30,10:00,XYZ627,
ABC0,1/2/2076,VISTARA,DEL,VIZ,7935.641172,11:30,11:00,XYZ628,
abc1,2/2/2076,VISTARA,HYD,BAN,7941.438958,9:30,9:00,XYZ629,
ABC2,3/2/2076,VISTARA,BAN,CHI,7947.236744,12:00,11:30,XYZ630,
ABC3,4/2/2076,VISTARA,CHI,MBI,7953.03453,10:30,10:00,XYZ631,
ABC4,5/2/2076,VISTARA,MBI,DEL,7958.832316,11:30,11:00,XYZ632,
ABC5,6/2/2076,VISTARA,DEL,VIZ,7964.630101,9:30,9:00,XYZ633,
ABC6,7/2/2076,VISTARA,HYD,BAN,7970.427887,12:00,11:30,XYZ634,
ABC7,8/2/2076,VISTARA,BAN,CHI,7976.225673,10:30,10:00,XYZ635,
ABC8,9/2/2076,VISTARA,CHI,MBI,7982.023459,11:30,11:00,XYZ636,
ABC9,10/2/2076,VISTARA,MBI,DEL,7987.821245,9:30,9:00,XYZ637,
ABC0,11/2/2076,VISTARA,DEL,VIZ,7993.619031,12:00,11:30,XYZ638,
abc1,12/2/2076,VISTARA,HYD,BAN,7999.416817,10:30,10:00,XYZ639,
ABC2,1/2/2077,VISTARA,BAN,CHI,8005.214603,11:30,11:00,XYZ640,
ABC3,2/2/2077,VISTARA,CHI,MBI,8011.012389,9:30,9:00,XYZ641,
ABC4,3/2/2077,VISTARA,MBI,DEL,8016.810174,12:00,11:30,XYZ642,
ABC5,4/2/2077,VISTARA,DEL,VIZ,8022.60796,10:30,10:00,XYZ643,
ABC6,5/2/2077,VISTARA,HYD,BAN,8028.405746,11:30,11:00,XYZ644,
ABC7,6/2/2077,VISTARA,BAN,CHI,8034.203532,9:30,9:00,XYZ645,
ABC8,7/2/2077,VISTARA,CHI,MBI,8040.001318,12:00,11:30,XYZ646,
ABC9,8/2/2077,VISTARA,MBI,DEL,8045.799104,10:30,10:00,XYZ647,
ABC0,9/2/2077,VISTARA,DEL,VIZ,8051.59689,11:30,11:00,XYZ648,
abc1,10/2/2077,VISTARA,HYD,BAN,8057.394676,9:30,9:00,XYZ649,
ABC2,11/2/2077,VISTARA,BAN,CHI,8063.192461,12:00,11:30,XYZ650,
ABC3,12/2/2077,VISTARA,CHI,MBI,8068.990247,10:30,10:00,XYZ651,
ABC4,1/2/2078,VISTARA,MBI,DEL,8074.788033,11:30,11:00,XYZ652,
ABC5,2/2/2078,VISTARA,DEL,VIZ,8080.585819,9:30,9:00,XYZ653,
ABC6,3/2/2078,VISTARA,HYD,BAN,8086.383605,12:00,11:30,XYZ654,
ABC7,4/2/2078,VISTARA,BAN,CHI,8092.181391,10:30,10:00,XYZ655,
ABC8,5/2/2078,VISTARA,CHI,MBI,8097.979177,11:30,11:00,XYZ656,
ABC9,6/2/2078,VISTARA,MBI,DEL,8103.776963,9:30,9:00,XYZ657,
ABC0,7/2/2078,VISTARA,DEL,VIZ,8109.574748,12:00,11:30,XYZ658,
abc1,8/2/2078,VISTARA,HYD,BAN,8115.372534,10:30,10:00,XYZ659,
ABC2,9/2/2078,VISTARA,BAN,CHI,8121.17032,11:30,11:00,XYZ660,
ABC3,10/2/2078,VISTARA,CHI,MBI,8126.968106,9:30,9:00,XYZ661,
ABC4,11/2/2078,VISTARA,MBI,DEL,8132.765892,12:00,11:30,XYZ662,
ABC5,12/2/2078,VISTARA,DEL,VIZ,8138.563678,10:30,10:00,XYZ663,
ABC6,1/2/2079,VISTARA,HYD,BAN,8144.361464,11:30,11:00,XYZ664,
ABC7,2/2/2079,VISTARA,BAN,CHI,8150.15925,9:30,9:00,XYZ665,
ABC8,3/2/2079,VISTARA,CHI,MBI,8155.957036,12:00,11:30,XYZ666,
ABC9,4/2/2079,VISTARA,MBI,DEL,8161.754821,10:30,10:00,XYZ667,
ABC0,5/2/2079,VISTARA,DEL,VIZ,8167.552607,11:30,11:00,XYZ668,
abc1,6/2/2079,VISTARA,HYD,BAN,8173.350393,9:30,9:00,XYZ669,
ABC2,7/2/2079,VISTARA,BAN,CHI,8179.148179,12:00,11:30,XYZ670,
ABC3,8/2/2079,VISTARA,CHI,MBI,8184.945965,10:30,10:00,XYZ671,
ABC4,9/2/2079,VISTARA,MBI,DEL,8190.743751,11:30,11:00,XYZ672,
ABC5,10/2/2079,VISTARA,DEL,VIZ,8196.541537,9:30,9:00,XYZ673,
ABC6,11/2/2079,VISTARA,HYD,BAN,8202.339323,12:00,11:30,XYZ674,
ABC7,12/2/2079,VISTARA,BAN,CHI,8208.137108,10:30,10:00,XYZ675,
ABC8,1/2/2080,VISTARA,CHI,MBI,8213.934894,11:30,11:00,XYZ676,
ABC9,2/2/2080,VISTARA,MBI,DEL,8219.73268,9:30,9:00,XYZ677,
ABC0,3/2/2080,VISTARA,DEL,VIZ,8225.530466,12:00,11:30,XYZ678,
abc1,4/2/2080,VISTARA,HYD,BAN,8231.328252,10:30,10:00,XYZ679,
ABC2,5/2/2080,VISTARA,BAN,CHI,8237.126038,11:30,11:00,XYZ680,
ABC3,6/2/2080,VISTARA,CHI,MBI,8242.923824,9:30,9:00,XYZ681,
ABC4,7/2/2080,VISTARA,MBI,DEL,8248.72161,12:00,11:30,XYZ682,
ABC5,8/2/2080,VISTARA,DEL,VIZ,8254.519396,10:30,10:00,XYZ683,
ABC6,9/2/2080,VISTARA,HYD,BAN,8260.317181,11:30,11:00,XYZ684,
ABC7,10/2/2080,VISTARA,BAN,CHI,8266.114967,9:30,9:00,XYZ685,
ABC8,11/2/2080,VISTARA,CHI,MBI,8271.912753,12:00,11:30,XYZ686,
ABC9,12/2/2080,VISTARA,MBI,DEL,8277.710539,10:30,10:00,XYZ687,
ABC0,1/2/2081,VISTARA,DEL,VIZ,8283.508325,11:30,11:00,XYZ688,
abc1,2/2/2081,VISTARA,HYD,BAN,8289.306111,9:30,9:00,XYZ689,
ABC2,3/2/2081,VISTARA,BAN,CHI,8295.103897,12:00,11:30,XYZ690,
ABC3,4/2/2081,VISTARA,CHI,MBI,8300.901683,10:30,10:00,XYZ691,
ABC4,5/2/2081,VISTARA,MBI,DEL,8306.699468,11:30,11:00,XYZ692,
ABC5,6/2/2081,VISTARA,DEL,VIZ,8312.497254,9:30,9:00,XYZ693,
ABC6,7/2/2081,VISTARA,HYD,BAN,8318.29504,12:00,11:30,XYZ694,
ABC7,8/2/2081,VISTARA,BAN,CHI,8324.092826,10:30,10:00,XYZ695,
ABC8,9/2/2081,VISTARA,CHI,MBI,8329.890612,11:30,11:00,XYZ696,
ABC9,10/2/2081,VISTARA,MBI,DEL,8335.688398,9:30,9:00,XYZ697,
ABC0,11/2/2081,VISTARA,DEL,VIZ,8341.486184,12:00,11:30,XYZ698,
abc1,12/2/2081,VISTARA,HYD,BAN,8347.28397,10:30,10:00,XYZ699,
ABC2,1/2/2082,VISTARA,BAN,CHI,8353.081755,11:30,11:00,XYZ700,
ABC3,2/2/2082,VISTARA,CHI,MBI,8358.879541,9:30,9:00,XYZ701,
ABC4,3/2/2082,VISTARA,MBI,DEL,8364.677327,12:00,11:30,XYZ702,
ABC5,4/2/2082,VISTARA,DEL,VIZ,8370.475113,10:30,10:00,XYZ703,
ABC6,5/2/2082,VISTARA,HYD,BAN,8376.272899,11:30,11:00,XYZ704,
ABC7,6/2/2082,VISTARA,BAN,CHI,8382.070685,9:30,9:00,XYZ705,
ABC8,7/2/2082,VISTARA,CHI,MBI,8387.868471,12:00,11:30,XYZ706,
ABC9,8/2/2082,VISTARA,MBI,DEL,8393.666257,10:30,10:00,XYZ707,
ABC0,9/2/2082,VISTARA,DEL,VIZ,8399.464043,11:30,11:00,XYZ708,
abc1,10/2/2082,VISTARA,HYD,BAN,8405.261828,9:30,9:00,XYZ709,
ABC2,11/2/2082,VISTARA,BAN,CHI,8411.059614,12:00,11:30,XYZ710,
ABC3,12/2/2082,VISTARA,CHI,MBI,8416.8574,10:30,10:00,XYZ711,
ABC4,1/2/2083,VISTARA,MBI,DEL,8422.655186,11:30,11:00,XYZ712,
ABC5,2/2/2083,VISTARA,DEL,VIZ,8428.452972,9:30,9:00,XYZ713,
ABC6,3/2/2083,VISTARA,HYD,BAN,8434.250758,12:00,11:30,XYZ714,
ABC7,4/2/2083,VISTARA,BAN,CHI,8440.048544,10:30,10:00,XYZ715,
ABC8,5/2/2083,VISTARA,CHI,MBI,8445.84633,11:30,11:00,XYZ716,
ABC9,6/2/2083,VISTARA,MBI,DEL,8451.644115,9:30,9:00,XYZ717,
ABC0,7/2/2083,VISTARA,DEL,VIZ,8457.441901,12:00,11:30,XYZ718,
abc1,8/2/2083,VISTARA,HYD,BAN,8463.239687,10:30,10:00,XYZ719,
ABC2,9/2/2083,VISTARA,BAN,CHI,8469.037473,11:30,11:00,XYZ720,
ABC3,10/2/2083,VISTARA,CHI,MBI,8474.835259,9:30,9:00,XYZ721,
abc1,11/2/2083,VISTARA,HYD,BAN,8480.633045,10:30,10:00,XYZ722,
ABC2,12/2/2083,VISTARA,BAN,CHI,8486.430831,11:30,11:00,XYZ723,
ABC3,1/2/2084,VISTARA,CHI,MBI,8492.228617,9:30,9:00,XYZ724,
ABC4,2/2/2084,VISTARA,MBI,DEL,8498.026402,12:00,11:30,XYZ725,
ABC5,3/2/2084,VISTARA,DEL,VIZ,8503.824188,10:30,10:00,XYZ726,
ABC6,4/2/2084,VISTARA,HYD,BAN,8509.621974,11:30,11:00,XYZ727,
,5/2/2084,VISTARA,BAN,CHI,8515.41976,9:30,9:00,XYZ728,
,6/2/2084,VISTARA,CHI,MBI,8521.217546,12:00,11:30,XYZ729,
,7/2/2084,VISTARA,MBI,DEL,8527.015332,10:30,10:00,XYZ730,
,8/2/2084,VISTARA,DEL,VIZ,8532.813118,11:30,11:00,XYZ731,
,9/2/2084,VISTARA,HYD,BAN,8538.610904,9:30,9:00,XYZ732,
,10/2/2084,VISTARA,BAN,CHI,8544.40869,12:00,11:30,XYZ733,
,11/2/2084,VISTARA,CHI,MBI,8550.206475,10:30,10:00,XYZ734,
ABC4,12/2/2084,VISTARA,MBI,DEL,8556.004261,11:30,11:00,XYZ735,
ABC5,1/2/2085,VISTARA,DEL,VIZ,8561.802047,9:30,9:00,XYZ736,
ABC6,2/2/2085,VISTARA,HYD,BAN,8567.599833,12:00,11:30,XYZ737,
ABC7,3/2/2085,VISTARA,BAN,CHI,8573.397619,10:30,10:00,XYZ738,
ABC8,4/2/2085,VISTARA,CHI,MBI,8579.195405,11:30,11:00,XYZ739,
ABC9,5/2/2085,VISTARA,MBI,DEL,8584.993191,9:30,9:00,XYZ740,
ABC0,6/2/2085,VISTARA,DEL,VIZ,8590.790977,12:00,11:30,XYZ741,
abc1,7/2/2085,VISTARA,HYD,BAN,8596.588762,10:30,10:00,XYZ742,
ABC2,8/2/2085,VISTARA,BAN,CHI,8602.386548,11:30,11:00,XYZ743,
ABC3,9/2/2085,VISTARA,CHI,MBI,8608.184334,9:30,9:00,XYZ744,
ABC4,10/2/2085,VISTARA,MBI,DEL,8613.98212,12:00,11:30,XYZ745,
ABC5,11/2/2085,VISTARA,DEL,VIZ,8619.779906,10:30,10:00,XYZ746,
ABC6,12/2/2085,VISTARA,HYD,BAN,8625.577692,11:30,11:00,XYZ747,
ABC7,1/2/2086,VISTARA,BAN,CHI,8631.375478,9:30,9:00,XYZ748,
ABC8,2/2/2086,VISTARA,CHI,MBI,8637.173264,12:00,11:30,XYZ749,
ABC9,3/2/2086,VISTARA,MBI,DEL,8642.97105,10:30,10:00,XYZ750,
ABC0,4/2/2086,VISTARA,DEL,VIZ,8648.768835,11:30,11:00,XYZ751,
abc1,5/2/2086,VISTARA,HYD,BAN,8654.566621,9:30,9:00,XYZ752,
ABC2,6/2/2086,VISTARA,BAN,CHI,8660.364407,12:00,11:30,XYZ753,
ABC3,7/2/2086,VISTARA,CHI,MBI,8666.162193,10:30,10:00,XYZ754,
ABC4,8/2/2086,VISTARA,MBI,DEL,8671.959979,11:30,11:00,XYZ755,
ABC5,9/2/2086,VISTARA,DEL,VIZ,8677.757765,9:30,9:00,XYZ756,
ABC6,10/2/2086,VISTARA,HYD,BAN,8683.555551,12:00,11:30,XYZ757,
ABC7,11/2/2086,VISTARA,BAN,CHI,8689.353337,10:30,10:00,XYZ758,
,12/2/2086,VISTARA,CHI,MBI,8695.151122,11:30,11:00,XYZ759,
,1/2/2087,VISTARA,MBI,DEL,8700.948908,9:30,9:00,XYZ760,
,2/2/2087,VISTARA,DEL,VIZ,8706.746694,12:00,11:30,XYZ761,
,3/2/2087,VISTARA,HYD,BAN,8712.54448,10:30,10:00,XYZ762,
,4/2/2087,VISTARA,BAN,CHI,8718.342266,11:30,11:00,XYZ763,
,5/2/2087,VISTARA,CHI,MBI,8724.140052,9:30,9:00,XYZ764,
,6/2/2087,VISTARA,MBI,DEL,8729.937838,12:00,11:30,XYZ765,
,7/2/2087,VISTARA,DEL,VIZ,8735.735624,10:30,10:00,XYZ766,
,8/2/2087,VISTARA,HYD,BAN,8741.533409,11:30,11:00,XYZ767,
,9/2/2087,VISTARA,BAN,CHI,8747.331195,9:30,9:00,XYZ768,
,10/2/2087,VISTARA,CHI,MBI,8753.128981,12:00,11:30,XYZ769,
,11/2/2087,VISTARA,MBI,DEL,8758.926767,10:30,10:00,XYZ770,
ABC0,12/2/2087,VISTARA,DEL,VIZ,8764.724553,11:30,11:00,XYZ771,
abc1,1/2/2088,VISTARA,HYD,BAN,8770.522339,9:30,9:00,XYZ772,
ABC2,2/2/2088,VISTARA,BAN,CHI,8776.320125,12:00,11:30,XYZ773,
ABC3,3/2/2088,VISTARA,CHI,MBI,8782.117911,10:30,10:00,XYZ774,
ABC4,4/2/2088,VISTARA,MBI,DEL,8787.915697,11:30,11:00,XYZ775,
ABC5,5/2/2088,VISTARA,DEL,VIZ,8793.713482,9:30,9:00,XYZ776,
ABC6,6/2/2088,VISTARA,HYD,BAN,8799.511268,12:00,11:30,XYZ777,
ABC7,7/2/2088,VISTARA,BAN,CHI,8805.309054,10:30,10:00,XYZ778,
ABC8,8/2/2088,VISTARA,CHI,MBI,8811.10684,11:30,11:00,XYZ779,
,9/2/2088,VISTARA,MBI,DEL,8816.904626,9:30,9:00,XYZ780,
,10/2/2088,VISTARA,DEL,VIZ,8822.702412,12:00,11:30,XYZ781,
,11/2/2088,VISTARA,HYD,BAN,8828.500198,10:30,10:00,XYZ782,
,12/2/2088,VISTARA,BAN,CHI,8834.297984,11:30,11:00,XYZ783,
,1/2/2089,VISTARA,CHI,MBI,8840.095769,9:30,9:00,XYZ784,
,2/2/2089,VISTARA,MBI,DEL,8845.893555,12:00,11:30,XYZ785,
,3/2/2089,VISTARA,DEL,VIZ,8851.691341,10:30,10:00,XYZ786,
ABC6,4/2/2089,VISTARA,HYD,BAN,8857.489127,11:30,11:00,XYZ787,
ABC7,5/2/2089,VISTARA,BAN,CHI,8863.286913,9:30,9:00,XYZ788,
ABC8,6/2/2089,VISTARA,CHI,MBI,8869.084699,12:00,11:30,XYZ789,
ABC9,7/2/2089,VISTARA,MBI,DEL,8874.882485,10:30,10:00,XYZ790,
ABC0,8/2/2089,VISTARA,DEL,VIZ,8880.680271,11:30,11:00,XYZ791,
abc1,9/2/2089,VISTARA,HYD,BAN,8886.478056,9:30,9:00,XYZ792,
ABC2,10/2/2089,VISTARA,BAN,CHI,8892.275842,12:00,11:30,XYZ793,
ABC3,11/2/2089,VISTARA,CHI,MBI,8898.073628,10:30,10:00,XYZ794,
ABC4,12/2/2089,VISTARA,MBI,DEL,8903.871414,11:30,11:00,XYZ795,
ABC5,1/2/2090,VISTARA,DEL,VIZ,8909.6692,9:30,9:00,XYZ796,
ABC6,2/2/2090,VISTARA,HYD,BAN,8915.466986,12:00,11:30,XYZ797,
ABC7,3/2/2090,VISTARA,BAN,CHI,8921.264772,10:30,10:00,XYZ798,
ABC8,4/2/2090,VISTARA,CHI,MBI,8927.062558,11:30,11:00,XYZ799,
ABC9,5/2/2090,VISTARA,MBI,DEL,8932.860344,9:30,9:00,XYZ800,
ABC0,6/2/2090,VISTARA,DEL,VIZ,8938.658129,12:00,11:30,XYZ801,
abc1,7/2/2090,VISTARA,HYD,BAN,8944.455915,10:30,10:00,XYZ802,
ABC2,8/2/2090,VISTARA,BAN,CHI,8950.253701,11:30,11:00,XYZ803,
ABC3,9/2/2090,VISTARA,CHI,MBI,8956.051487,9:30,9:00,XYZ804,
ABC4,10/2/2090,VISTARA,MBI,DEL,8961.849273,12:00,11:30,XYZ805,
ABC5,11/2/2090,VISTARA,DEL,VIZ,8967.647059,10:30,10:00,XYZ806,
ABC6,12/2/2090,VISTARA,HYD,BAN,8973.444845,11:30,11:00,XYZ807,
ABC7,1/2/2091,VISTARA,BAN,CHI,8979.242631,9:30,9:00,XYZ808,
ABC8,2/2/2091,VISTARA,CHI,MBI,8985.040416,12:00,11:30,XYZ809,
ABC9,3/2/2091,VISTARA,MBI,DEL,8990.838202,10:30,10:00,XYZ810,
ABC0,4/2/2091,VISTARA,DEL,VIZ,8996.635988,11:30,11:00,XYZ811,
abc1,5/2/2091,VISTARA,HYD,BAN,9002.433774,9:30,9:00,XYZ812,
ABC2,6/2/2091,VISTARA,BAN,CHI,9008.23156,12:00,11:30,XYZ813,
ABC3,7/2/2091,VISTARA,CHI,MBI,9014.029346,10:30,10:00,XYZ814,
ABC4,8/2/2091,VISTARA,MBI,DEL,9019.827132,11:30,11:00,XYZ815,
,9/2/2091,VISTARA,DEL,VIZ,9025.624918,9:30,9:00,XYZ816,
,10/2/2091,VISTARA,HYD,BAN,9031.422704,12:00,11:30,XYZ817,
,11/2/2091,VISTARA,BAN,CHI,9037.220489,10:30,10:00,XYZ818,
,12/2/2091,VISTARA,CHI,MBI,9043.018275,11:30,11:00,XYZ819,
,1/2/2092,VISTARA,MBI,DEL,9048.816061,9:30,9:00,XYZ820,
,2/2/2092,VISTARA,DEL,VIZ,9054.613847,12:00,11:30,XYZ821,
,3/2/2092,VISTARA,HYD,BAN,9060.411633,10:30,10:00,XYZ822,
,4/2/2092,VISTARA,BAN,CHI,9066.209419,11:30,11:00,XYZ823,
,5/2/2092,VISTARA,CHI,MBI,9072.007205,9:30,9:00,XYZ824,
,6/2/2092,VISTARA,HYD,BAN,9077.804991,10:30,10:00,XYZ825,
,7/2/2092,VISTARA,BAN,CHI,9083.602776,11:30,11:00,XYZ826,
,8/2/2092,VISTARA,CHI,MBI,9089.400562,9:30,9:00,XYZ827,
ABC4,9/2/2092,VISTARA,MBI,DEL,9095.198348,12:00,11:30,XYZ828,
ABC5,10/2/2092,VISTARA,DEL,VIZ,9100.996134,10:30,10:00,XYZ829,
ABC6,11/2/2092,VISTARA,HYD,BAN,9106.79392,11:30,11:00,XYZ830,
ABC7,12/2/2092,VISTARA,BAN,CHI,9112.591706,9:30,9:00,XYZ831,
ABC8,1/2/2093,VISTARA,CHI,MBI,9118.389492,12:00,11:30,XYZ832,
ABC9,2/2/2093,VISTARA,MBI,DEL,9124.187278,10:30,10:00,XYZ833,
ABC0,3/2/2093,VISTARA,DEL,VIZ,9129.985063,11:30,11:00,XYZ834,
abc1,4/2/2093,VISTARA,HYD,BAN,9135.782849,9:30,9:00,XYZ835,
ABC2,5/2/2093,VISTARA,BAN,CHI,9141.580635,12:00,11:30,XYZ836,
ABC3,6/2/2093,VISTARA,CHI,MBI,9147.378421,10:30,10:00,XYZ837,
ABC4,7/2/2093,VISTARA,MBI,DEL,9153.176207,11:30,11:00,XYZ838,
ABC5,8/2/2093,VISTARA,DEL,VIZ,9158.973993,9:30,9:00,XYZ839,
ABC6,9/2/2093,VISTARA,HYD,BAN,9164.771779,12:00,11:30,XYZ840,
ABC7,10/2/2093,VISTARA,BAN,CHI,9170.569565,10:30,10:00,XYZ841,
ABC8,11/2/2093,VISTARA,CHI,MBI,9176.367351,11:30,11:00,XYZ842,
ABC9,12/2/2093,VISTARA,MBI,DEL,9182.165136,9:30,9:00,XYZ843,
ABC0,1/2/2094,VISTARA,DEL,VIZ,9187.962922,12:00,11:30,XYZ844,
abc1,2/2/2094,VISTARA,HYD,BAN,9193.760708,10:30,10:00,XYZ845,
ABC2,3/2/2094,VISTARA,BAN,CHI,9199.558494,11:30,11:00,XYZ846,
ABC3,4/2/2094,VISTARA,CHI,MBI,9205.35628,9:30,9:00,XYZ847,
ABC4,5/2/2094,VISTARA,MBI,DEL,9211.154066,12:00,11:30,XYZ848,
ABC5,6/2/2094,VISTARA,DEL,VIZ,9216.951852,10:30,10:00,XYZ849,
,7/2/2094,VISTARA,HYD,BAN,9222.749638,11:30,11:00,XYZ850,
,8/2/2094,VISTARA,BAN,CHI,9228.547423,9:30,9:00,XYZ851,
,9/2/2094,VISTARA,CHI,MBI,9234.345209,12:00,11:30,XYZ852,
,10/2/2094,VISTARA,MBI,DEL,9240.142995,10:30,10:00,XYZ853,
,11/2/2094,VISTARA,DEL,VIZ,9245.940781,11:30,11:00,XYZ854,
,12/2/2094,VISTARA,HYD,BAN,9251.738567,9:30,9:00,XYZ855,
,1/2/2095,VISTARA,BAN,CHI,9257.536353,12:00,11:30,XYZ856,
,2/2/2095,VISTARA,CHI,MBI,9263.334139,10:30,10:00,XYZ857,
,3/2/2095,VISTARA,MBI,DEL,9269.131925,11:30,11:00,XYZ858,
,4/2/2095,VISTARA,DEL,VIZ,9274.92971,9:30,9:00,XYZ859,
,5/2/2095,VISTARA,HYD,BAN,9280.727496,12:00,11:30,XYZ860,
,6/2/2095,VISTARA,BAN,CHI,9286.525282,10:30,10:00,XYZ861,
,7/2/2095,VISTARA,CHI,MBI,9292.323068,11:30,11:00,XYZ862,
,8/2/2095,VISTARA,MBI,DEL,9298.120854,9:30,9:00,XYZ863,
,9/2/2095,VISTARA,DEL,VIZ,9303.91864,12:00,11:30,XYZ864,
,10/2/2095,VISTARA,HYD,BAN,9309.716426,10:30,10:00,XYZ865,
,11/2/2095,VISTARA,BAN,CHI,9315.514212,11:30,11:00,XYZ866,
,12/2/2095,VISTARA,CHI,MBI,9321.311998,9:30,9:00,XYZ867,
,1/2/2096,VISTARA,MBI,DEL,9327.109783,12:00,11:30,XYZ868,
,2/2/2096,VISTARA,DEL,VIZ,9332.907569,10:30,10:00,XYZ869,
,3/2/2096,VISTARA,HYD,BAN,9338.705355,11:30,11:00,XYZ870,
ABC7,4/2/2096,VISTARA,BAN,CHI,9344.503141,9:30,9:00,XYZ871,
ABC8,5/2/2096,VISTARA,CHI,MBI,9350.300927,12:00,11:30,XYZ872,
ABC9,6/2/2096,VISTARA,MBI,DEL,9356.098713,10:30,10:00,XYZ873,
ABC0,7/2/2096,VISTARA,DEL,VIZ,9361.896499,11:30,11:00,XYZ874,
abc1,8/2/2096,VISTARA,HYD,BAN,9367.694285,9:30,9:00,XYZ875,
ABC2,9/2/2096,VISTARA,BAN,CHI,9373.49207,12:00,11:30,XYZ876,
ABC3,10/2/2096,VISTARA,CHI,MBI,9379.289856,10:30,10:00,XYZ877,
ABC4,11/2/2096,VISTARA,MBI,DEL,9385.087642,11:30,11:00,XYZ878,
ABC5,12/2/2096,VISTARA,DEL,VIZ,9390.885428,9:30,9:00,XYZ879,
ABC6,1/2/2097,VISTARA,HYD,BAN,9396.683214,12:00,11:30,XYZ880,
ABC7,2/2/2097,VISTARA,BAN,CHI,9402.481,10:30,10:00,XYZ881,
ABC8,3/2/2097,VISTARA,CHI,MBI,9408.278786,11:30,11:00,XYZ882,
ABC9,4/2/2097,VISTARA,MBI,DEL,9414.076572,9:30,9:00,XYZ883,
ABC0,5/2/2097,VISTARA,DEL,VIZ,9419.874358,12:00,11:30,XYZ884,
abc1,6/2/2097,VISTARA,HYD,BAN,9425.672143,10:30,10:00,XYZ885,
ABC2,7/2/2097,VISTARA,BAN,CHI,9431.469929,11:30,11:00,XYZ886,
ABC3,8/2/2097,VISTARA,CHI,MBI,9437.267715,9:30,9:00,XYZ887,
ABC4,9/2/2097,VISTARA,MBI,DEL,9443.065501,12:00,11:30,XYZ888,
ABC5,10/2/2097,VISTARA,DEL,VIZ,9448.863287,10:30,10:00,XYZ889,
ABC6,11/2/2097,VISTARA,HYD,BAN,9454.661073,11:30,11:00,XYZ890,
ABC7,12/2/2097,VISTARA,BAN,CHI,9460.458859,9:30,9:00,XYZ891,
ABC8,1/2/2098,VISTARA,CHI,MBI,9466.256645,12:00,11:30,XYZ892,
ABC9,2/2/2098,VISTARA,MBI,DEL,9472.05443,10:30,10:00,XYZ893,
ABC0,3/2/2098,VISTARA,DEL,VIZ,9477.852216,11:30,11:00,XYZ894,
abc1,4/2/2098,VISTARA,HYD,BAN,9483.650002,9:30,9:00,XYZ895,
ABC2,5/2/2098,VISTARA,BAN,CHI,9489.447788,12:00,11:30,XYZ896,
ABC3,6/2/2098,VISTARA,CHI,MBI,9495.245574,10:30,10:00,XYZ897,
ABC4,7/2/2098,VISTARA,MBI,DEL,9501.04336,11:30,11:00,XYZ898,
ABC5,8/2/2098,VISTARA,DEL,VIZ,9506.841146,9:30,9:00,XYZ899,
ABC6,9/2/2098,VISTARA,HYD,BAN,9512.638932,12:00,11:30,XYZ900,
ABC7,10/2/2098,VISTARA,BAN,CHI,9518.436717,10:30,10:00,XYZ901,
ABC8,11/2/2098,VISTARA,CHI,MBI,9524.234503,11:30,11:00,XYZ902,
ABC9,12/2/2098,VISTARA,MBI,DEL,9530.032289,9:30,9:00,XYZ903,
ABC0,1/2/2099,VISTARA,DEL,VIZ,9535.830075,12:00,11:30,XYZ904,
abc1,2/2/2099,VISTARA,HYD,BAN,9541.627861,10:30,10:00,XYZ905,
ABC2,3/2/2099,VISTARA,BAN,CHI,9547.425647,11:30,11:00,XYZ906,
ABC3,4/2/2099,VISTARA,CHI,MBI,9553.223433,9:30,9:00,XYZ907,
ABC4,5/2/2099,VISTARA,MBI,DEL,9559.021219,12:00,11:30,XYZ908,
ABC5,6/2/2099,VISTARA,DEL,VIZ,9564.819005,10:30,10:00,XYZ909,
ABC6,7/2/2099,VISTARA,HYD,BAN,9570.61679,11:30,11:00,XYZ910,
ABC7,8/2/2099,VISTARA,BAN,CHI,9576.414576,9:30,9:00,XYZ911,
ABC8,9/2/2099,VISTARA,CHI,MBI,9582.212362,12:00,11:30,XYZ912,
ABC9,10/2/2099,VISTARA,MBI,DEL,9588.010148,10:30,10:00,XYZ913,
ABC0,11/2/2099,VISTARA,DEL,VIZ,9593.807934,11:30,11:00,XYZ914,
abc1,12/2/2099,VISTARA,HYD,BAN,9599.60572,9:30,9:00,XYZ915,
ABC2,1/2/2100,VISTARA,BAN,CHI,9605.403506,12:00,11:30,XYZ916,
ABC3,2/2/2100,VISTARA,CHI,MBI,9611.201292,10:30,10:00,XYZ917,
ABC4,3/2/2100,VISTARA,MBI,DEL,9616.999077,11:30,11:00,XYZ918,
ABC5,4/2/2100,VISTARA,DEL,VIZ,9622.796863,9:30,9:00,XYZ919,
ABC6,5/2/2100,VISTARA,HYD,BAN,9628.594649,12:00,11:30,XYZ920,
ABC7,6/2/2100,VISTARA,BAN,CHI,9634.392435,10:30,10:00,XYZ921,
ABC8,7/2/2100,VISTARA,CHI,MBI,9640.190221,11:30,11:00,XYZ922,
ABC9,8/2/2100,VISTARA,MBI,DEL,9645.988007,9:30,9:00,XYZ923,
ABC0,9/2/2100,VISTARA,DEL,VIZ,9651.785793,12:00,11:30,XYZ924,
abc1,10/2/2100,VISTARA,HYD,BAN,9657.583579,10:30,10:00,XYZ925,
ABC2,11/2/2100,VISTARA,BAN,CHI,9663.381364,11:30,11:00,XYZ926,
ABC3,12/2/2100,VISTARA,CHI,MBI,9669.17915,9:30,9:00,XYZ927,
abc1,1/2/2101,VISTARA,HYD,BAN,9674.976936,10:30,10:00,XYZ928,
ABC2,2/2/2101,VISTARA,BAN,CHI,9680.774722,11:30,11:00,XYZ929,
ABC3,3/2/2101,VISTARA,CHI,MBI,9686.572508,9:30,9:00,XYZ930,
ABC4,4/2/2101,VISTARA,MBI,DEL,9692.370294,12:00,11:30,XYZ931,
ABC5,5/2/2101,VISTARA,DEL,VIZ,9698.16808,10:30,10:00,XYZ932,
ABC6,6/2/2101,VISTARA,HYD,BAN,9703.965866,11:30,11:00,XYZ933,
ABC7,7/2/2101,VISTARA,BAN,CHI,9709.763652,9:30,9:00,XYZ934,
ABC8,8/2/2101,VISTARA,CHI,MBI,9715.561437,12:00,11:30,XYZ935,
ABC9,9/2/2101,VISTARA,MBI,DEL,9721.359223,10:30,10:00,XYZ936,
ABC0,10/2/2101,VISTARA,DEL,VIZ,9727.157009,11:30,11:00,XYZ937,
abc1,11/2/2101,VISTARA,HYD,BAN,9732.954795,9:30,9:00,XYZ938,
ABC2,12/2/2101,VISTARA,BAN,CHI,9738.752581,12:00,11:30,XYZ939,
ABC3,1/2/2102,VISTARA,CHI,MBI,9744.550367,10:30,10:00,XYZ940,
ABC4,2/2/2102,VISTARA,MBI,DEL,9750.348153,11:30,11:00,XYZ941,
ABC5,3/2/2102,VISTARA,DEL,VIZ,9756.145939,9:30,9:00,XYZ942,
ABC6,4/2/2102,VISTARA,HYD,BAN,9761.943724,12:00,11:30,XYZ943,
ABC7,5/2/2102,VISTARA,BAN,CHI,9767.74151,10:30,10:00,XYZ944,
ABC8,6/2/2102,VISTARA,CHI,MBI,9773.539296,11:30,11:00,XYZ945,
ABC9,7/2/2102,VISTARA,MBI,DEL,9779.337082,9:30,9:00,XYZ946,
ABC0,8/2/2102,VISTARA,DEL,VIZ,9785.134868,12:00,11:30,XYZ947,
abc1,9/2/2102,VISTARA,HYD,BAN,9790.932654,10:30,10:00,XYZ948,
ABC2,10/2/2102,VISTARA,BAN,CHI,9796.73044,11:30,11:00,XYZ949,
ABC3,11/2/2102,VISTARA,CHI,MBI,9802.528226,9:30,9:00,XYZ950,
ABC4,12/2/2102,VISTARA,MBI,DEL,9808.326012,12:00,11:30,XYZ951,
ABC5,1/2/2103,VISTARA,DEL,VIZ,9814.123797,10:30,10:00,XYZ952,
ABC6,2/2/2103,VISTARA,HYD,BAN,9819.921583,11:30,11:00,XYZ953,
ABC7,3/2/2103,VISTARA,BAN,CHI,9825.719369,9:30,9:00,XYZ954,
ABC8,4/2/2103,VISTARA,CHI,MBI,9831.517155,12:00,11:30,XYZ955,
ABC9,5/2/2103,VISTARA,MBI,DEL,9837.314941,10:30,10:00,XYZ956,
ABC0,6/2/2103,VISTARA,DEL,VIZ,9843.112727,11:30,11:00,XYZ957,
abc1,7/2/2103,VISTARA,HYD,BAN,9848.910513,9:30,9:00,XYZ958,
ABC2,8/2/2103,VISTARA,BAN,CHI,9854.708299,12:00,11:30,XYZ959,
ABC3,9/2/2103,VISTARA,CHI,MBI,9860.506084,10:30,10:00,XYZ960,
ABC4,10/2/2103,VISTARA,MBI,DEL,9866.30387,11:30,11:00,XYZ961,
ABC5,11/2/2103,VISTARA,DEL,VIZ,9872.101656,9:30,9:00,XYZ962,
ABC6,12/2/2103,VISTARA,HYD,BAN,9877.899442,12:00,11:30,XYZ963,
ABC7,1/2/2104,VISTARA,BAN,CHI,9883.697228,10:30,10:00,XYZ964,
ABC8,2/2/2104,VISTARA,CHI,MBI,9889.495014,11:30,11:00,XYZ965,
ABC9,3/2/2104,VISTARA,MBI,DEL,9895.2928,9:30,9:00,XYZ966,
ABC0,4/2/2104,VISTARA,DEL,VIZ,9901.090586,12:00,11:30,XYZ967,
abc1,5/2/2104,VISTARA,HYD,BAN,9906.888371,10:30,10:00,XYZ968,
ABC2,6/2/2104,VISTARA,BAN,CHI,9912.686157,11:30,11:00,XYZ969,
ABC3,7/2/2104,VISTARA,CHI,MBI,9918.483943,9:30,9:00,XYZ970,
ABC4,8/2/2104,VISTARA,MBI,DEL,9924.281729,12:00,11:30,XYZ971,
ABC5,9/2/2104,VISTARA,DEL,VIZ,9930.079515,10:30,10:00,XYZ972,
ABC6,10/2/2104,VISTARA,HYD,BAN,9935.877301,11:30,11:00,XYZ973,
ABC7,11/2/2104,VISTARA,BAN,CHI,9941.675087,9:30,9:00,XYZ974,
ABC8,12/2/2104,VISTARA,CHI,MBI,9947.472873,12:00,11:30,XYZ975,
ABC9,1/2/2105,VISTARA,MBI,DEL,9953.270659,10:30,10:00,XYZ976,
ABC0,2/2/2105,VISTARA,DEL,VIZ,9959.068444,11:30,11:00,XYZ977,
abc1,3/2/2105,VISTARA,HYD,BAN,9964.86623,9:30,9:00,XYZ978,
ABC2,4/2/2105,VISTARA,BAN,CHI,9970.664016,12:00,11:30,XYZ979,
ABC3,5/2/2105,VISTARA,CHI,MBI,9976.461802,10:30,10:00,XYZ980,
ABC4,6/2/2105,VISTARA,MBI,DEL,9982.259588,11:30,11:00,XYZ981,
ABC5,7/2/2105,VISTARA,DEL,VIZ,9988.057374,9:30,9:00,XYZ982,
ABC6,8/2/2105,VISTARA,HYD,BAN,9993.85516,12:00,11:30,XYZ983,
ABC7,9/2/2105,VISTARA,BAN,CHI,9999.652946,10:30,10:00,XYZ984,
ABC8,10/2/2105,VISTARA,CHI,MBI,10005.45073,11:30,11:00,XYZ985,
ABC9,11/2/2105,VISTARA,MBI,DEL,10011.24852,9:30,9:00,XYZ986,
ABC0,12/2/2105,VISTARA,DEL,VIZ,10017.0463,12:00,11:30,XYZ987,
abc1,1/2/2106,VISTARA,HYD,BAN,10022.84409,10:30,10:00,XYZ988,
ABC2,2/2/2106,VISTARA,BAN,CHI,10028.64187,11:30,11:00,XYZ989,
ABC3,3/2/2106,VISTARA,CHI,MBI,10034.43966,9:30,9:00,XYZ990,
ABC4,4/2/2106,VISTARA,MBI,DEL,10040.23745,12:00,11:30,XYZ991,
ABC5,5/2/2106,VISTARA,DEL,VIZ,10046.03523,10:30,10:00,XYZ992,
ABC6,6/2/2106,VISTARA,HYD,BAN,10051.83302,11:30,11:00,XYZ993,
ABC7,7/2/2106,VISTARA,BAN,CHI,10057.6308,9:30,9:00,XYZ994,
ABC8,8/2/2106,VISTARA,CHI,MBI,10063.42859,12:00,11:30,XYZ995,
ABC9,9/2/2106,VISTARA,MBI,DEL,10069.22638,10:30,10:00,XYZ996,
ABC0,10/2/2106,VISTARA,DEL,VIZ,10075.02416,11:30,11:00,XYZ997,
abc1,11/2/2106,VISTARA,HYD,BAN,10080.82195,9:30,9:00,XYZ998,
ABC2,12/2/2106,VISTARA,BAN,CHI,10086.61973,12:00,11:30,XYZ999,
ABC3,1/2/2107,VISTARA,CHI,MBI,10092.41752,10:30,10:00,XYZ1000,
ABC4,2/2/2107,VISTARA,MBI,DEL,10098.21531,11:30,11:00,XYZ1001,
ABC5,3/2/2107,VISTARA,DEL,VIZ,10104.01309,9:30,9:00,XYZ1002,
ABC6,4/2/2107,VISTARA,HYD,BAN,10109.81088,12:00,11:30,XYZ1003,
ABC7,5/2/2107,VISTARA,BAN,CHI,10115.60866,10:30,10:00,XYZ1004,
ABC8,6/2/2107,VISTARA,CHI,MBI,10121.40645,11:30,11:00,XYZ1005,
ABC9,7/2/2107,VISTARA,MBI,DEL,10127.20423,9:30,9:00,XYZ1006,
ABC0,8/2/2107,VISTARA,DEL,VIZ,10133.00202,12:00,11:30,XYZ1007,
abc1,9/2/2107,VISTARA,HYD,BAN,10138.79981,10:30,10:00,XYZ1008,
ABC2,10/2/2107,VISTARA,BAN,CHI,10144.59759,11:30,11:00,XYZ1009,
ABC3,11/2/2107,VISTARA,CHI,MBI,10150.39538,9:30,9:00,XYZ1010,
ABC4,12/2/2107,VISTARA,MBI,DEL,10156.19316,12:00,11:30,XYZ1011,
ABC5,1/2/2108,VISTARA,DEL,VIZ,10161.99095,10:30,10:00,XYZ1012,
ABC6,2/2/2108,VISTARA,HYD,BAN,10167.78874,11:30,11:00,XYZ1013,
ABC7,3/2/2108,VISTARA,BAN,CHI,10173.58652,9:30,9:00,XYZ1014,
ABC8,4/2/2108,VISTARA,CHI,MBI,10179.38431,12:00,11:30,XYZ1015,
ABC9,5/2/2108,VISTARA,MBI,DEL,10185.18209,10:30,10:00,XYZ1016,
ABC0,6/2/2108,VISTARA,DEL,VIZ,10190.97988,11:30,11:00,XYZ1017,
abc1,7/2/2108,VISTARA,HYD,BAN,10196.77767,9:30,9:00,XYZ1018,
ABC2,8/2/2108,VISTARA,BAN,CHI,10202.57545,12:00,11:30,XYZ1019,
ABC3,9/2/2108,VISTARA,CHI,MBI,10208.37324,10:30,10:00,XYZ1020,
ABC4,10/2/2108,VISTARA,MBI,DEL,10214.17102,11:30,11:00,XYZ1021,
ABC5,11/2/2108,VISTARA,DEL,VIZ,10219.96881,9:30,9:00,XYZ1022,
ABC6,12/2/2108,VISTARA,HYD,BAN,10225.76659,12:00,11:30,XYZ1023,
ABC7,1/2/2109,VISTARA,BAN,CHI,10231.56438,10:30,10:00,XYZ1024,
ABC8,2/2/2109,VISTARA,CHI,MBI,10237.36217,11:30,11:00,XYZ1025,
ABC9,3/2/2109,VISTARA,MBI,DEL,10243.15995,9:30,9:00,XYZ1026,
ABC0,4/2/2109,VISTARA,DEL,VIZ,10248.95774,12:00,11:30,XYZ1027,
abc1,5/2/2109,VISTARA,HYD,BAN,10254.75552,10:30,10:00,XYZ1028,
ABC2,6/2/2109,VISTARA,BAN,CHI,10260.55331,11:30,11:00,XYZ1029,
ABC3,7/2/2109,VISTARA,CHI,MBI,10266.3511,9:30,9:00,XYZ1030,
abc1,8/2/2109,VISTARA,HYD,BAN,10272.14888,10:30,10:00,XYZ1031,
ABC2,9/2/2109,VISTARA,BAN,CHI,10277.94667,11:30,11:00,XYZ1032,
ABC3,10/2/2109,VISTARA,CHI,MBI,10283.74445,9:30,9:00,XYZ1033,
ABC4,11/2/2109,VISTARA,MBI,DEL,10289.54224,12:00,11:30,XYZ1034,
ABC5,12/2/2109,VISTARA,DEL,VIZ,10295.34003,10:30,10:00,XYZ1035,
ABC6,1/2/2110,VISTARA,HYD,BAN,10301.13781,11:30,11:00,XYZ1036,
ABC7,2/2/2110,VISTARA,BAN,CHI,10306.9356,9:30,9:00,XYZ1037,
ABC8,3/2/2110,VISTARA,CHI,MBI,10312.73338,12:00,11:30,XYZ1038,
ABC9,4/2/2110,VISTARA,MBI,DEL,10318.53117,10:30,10:00,XYZ1039,
ABC0,5/2/2110,VISTARA,DEL,VIZ,10324.32895,11:30,11:00,XYZ1040,
abc1,6/2/2110,VISTARA,HYD,BAN,10330.12674,9:30,9:00,XYZ1041,
ABC2,7/2/2110,VISTARA,BAN,CHI,10335.92453,12:00,11:30,XYZ1042,
ABC3,8/2/2110,VISTARA,CHI,MBI,10341.72231,10:30,10:00,XYZ1043,
ABC4,9/2/2110,VISTARA,MBI,DEL,10347.5201,11:30,11:00,XYZ1044,
ABC5,10/2/2110,VISTARA,DEL,VIZ,10353.31788,9:30,9:00,XYZ1045,
ABC6,11/2/2110,VISTARA,HYD,BAN,10359.11567,12:00,11:30,XYZ1046,
ABC7,12/2/2110,VISTARA,BAN,CHI,10364.91346,10:30,10:00,XYZ1047,
ABC8,1/2/2111,VISTARA,CHI,MBI,10370.71124,11:30,11:00,XYZ1048,
ABC9,2/2/2111,VISTARA,MBI,DEL,10376.50903,9:30,9:00,XYZ1049,
ABC0,3/2/2111,VISTARA,DEL,VIZ,10382.30681,12:00,11:30,XYZ1050,
abc1,4/2/2111,VISTARA,HYD,BAN,10388.1046,10:30,10:00,XYZ1051,
ABC2,5/2/2111,VISTARA,BAN,CHI,10393.90239,11:30,11:00,XYZ1052,
ABC3,6/2/2111,VISTARA,CHI,MBI,10399.70017,9:30,9:00,XYZ1053,
ABC4,7/2/2111,VISTARA,MBI,DEL,10405.49796,12:00,11:30,XYZ1054,
ABC5,8/2/2111,VISTARA,DEL,VIZ,10411.29574,10:30,10:00,XYZ1055,
ABC6,9/2/2111,VISTARA,HYD,BAN,10417.09353,11:30,11:00,XYZ1056,
ABC7,10/2/2111,VISTARA,BAN,CHI,10422.89131,9:30,9:00,XYZ1057,
ABC8,11/2/2111,VISTARA,CHI,MBI,10428.6891,12:00,11:30,XYZ1058,
ABC9,12/2/2111,VISTARA,MBI,DEL,10434.48689,10:30,10:00,XYZ1059,
ABC0,1/2/2112,VISTARA,DEL,VIZ,10440.28467,11:30,11:00,XYZ1060,
abc1,2/2/2112,VISTARA,HYD,BAN,10446.08246,9:30,9:00,XYZ1061,
ABC2,3/2/2112,VISTARA,BAN,CHI,10451.88024,12:00,11:30,XYZ1062,
ABC3,4/2/2112,VISTARA,CHI,MBI,10457.67803,10:30,10:00,XYZ1063,
ABC4,5/2/2112,VISTARA,MBI,DEL,10463.47582,11:30,11:00,XYZ1064,
ABC5,6/2/2112,VISTARA,DEL,VIZ,10469.2736,9:30,9:00,XYZ1065,
ABC6,7/2/2112,VISTARA,HYD,BAN,10475.07139,12:00,11:30,XYZ1066,
ABC7,8/2/2112,VISTARA,BAN,CHI,10480.86917,10:30,10:00,XYZ1067,
ABC8,9/2/2112,VISTARA,CHI,MBI,10486.66696,11:30,11:00,XYZ1068,
ABC9,10/2/2112,VISTARA,MBI,DEL,10492.46475,9:30,9:00,XYZ1069,
ABC0,11/2/2112,VISTARA,DEL,VIZ,10498.26253,12:00,11:30,XYZ1070,
abc1,12/2/2112,VISTARA,HYD,BAN,10504.06032,10:30,10:00,XYZ1071,
ABC2,1/2/2113,VISTARA,BAN,CHI,10509.8581,11:30,11:00,XYZ1072,
ABC3,2/2/2113,VISTARA,CHI,MBI,10515.65589,9:30,9:00,XYZ1073,
ABC4,3/2/2113,VISTARA,MBI,DEL,10521.45367,12:00,11:30,XYZ1074,
ABC5,4/2/2113,VISTARA,DEL,VIZ,10527.25146,10:30,10:00,XYZ1075,
ABC6,5/2/2113,VISTARA,HYD,BAN,10533.04925,11:30,11:00,XYZ1076,
ABC7,6/2/2113,VISTARA,BAN,CHI,10538.84703,9:30,9:00,XYZ1077,
ABC8,7/2/2113,VISTARA,CHI,MBI,10544.64482,12:00,11:30,XYZ1078,
ABC9,8/2/2113,VISTARA,MBI,DEL,10550.4426,10:30,10:00,XYZ1079,
ABC0,9/2/2113,VISTARA,DEL,VIZ,10556.24039,11:30,11:00,XYZ1080,
abc1,10/2/2113,VISTARA,HYD,BAN,10562.03818,9:30,9:00,XYZ1081,
ABC2,11/2/2113,VISTARA,BAN,CHI,10567.83596,12:00,11:30,XYZ1082,
ABC3,12/2/2113,VISTARA,CHI,MBI,10573.63375,10:30,10:00,XYZ1083,
ABC4,1/2/2114,VISTARA,MBI,DEL,10579.43153,11:30,11:00,XYZ1084,
ABC5,2/2/2114,VISTARA,DEL,VIZ,10585.22932,9:30,9:00,XYZ1085,
ABC6,3/2/2114,VISTARA,HYD,BAN,10591.02711,12:00,11:30,XYZ1086,
ABC7,4/2/2114,VISTARA,BAN,CHI,10596.82489,10:30,10:00,XYZ1087,
ABC8,5/2/2114,VISTARA,CHI,MBI,10602.62268,11:30,11:00,XYZ1088,
ABC9,6/2/2114,VISTARA,MBI,DEL,10608.42046,9:30,9:00,XYZ1089,
ABC0,7/2/2114,VISTARA,DEL,VIZ,10614.21825,12:00,11:30,XYZ1090,
abc1,8/2/2114,VISTARA,HYD,BAN,10620.01603,10:30,10:00,XYZ1091,
ABC2,9/2/2114,VISTARA,BAN,CHI,10625.81382,11:30,11:00,XYZ1092,
ABC3,10/2/2114,VISTARA,CHI,MBI,10631.61161,9:30,9:00,XYZ1093,
ABC4,11/2/2114,VISTARA,MBI,DEL,10637.40939,12:00,11:30,XYZ1094,
ABC5,12/2/2114,VISTARA,DEL,VIZ,10643.20718,10:30,10:00,XYZ1095,
ABC6,1/2/2115,VISTARA,HYD,BAN,10649.00496,11:30,11:00,XYZ1096,
ABC7,2/2/2115,VISTARA,BAN,CHI,10654.80275,9:30,9:00,XYZ1097,
ABC8,3/2/2115,VISTARA,CHI,MBI,10660.60054,12:00,11:30,XYZ1098,
ABC9,4/2/2115,VISTARA,MBI,DEL,10666.39832,10:30,10:00,XYZ1099,
ABC0,5/2/2115,VISTARA,DEL,VIZ,10672.19611,11:30,11:00,XYZ1100,
abc1,6/2/2115,VISTARA,HYD,BAN,10677.99389,9:30,9:00,XYZ1101,
ABC2,7/2/2115,VISTARA,BAN,CHI,10683.79168,12:00,11:30,XYZ1102,
ABC3,8/2/2115,VISTARA,CHI,MBI,10689.58947,10:30,10:00,XYZ1103,
ABC4,9/2/2115,VISTARA,MBI,DEL,10695.38725,11:30,11:00,XYZ1104,
ABC5,10/2/2115,VISTARA,DEL,VIZ,10701.18504,9:30,9:00,XYZ1105,
ABC6,11/2/2115,VISTARA,HYD,BAN,10706.98282,12:00,11:30,XYZ1106,
ABC7,12/2/2115,VISTARA,BAN,CHI,10712.78061,10:30,10:00,XYZ1107,
ABC8,1/2/2116,VISTARA,CHI,MBI,10718.57839,11:30,11:00,XYZ1108,
ABC9,2/2/2116,VISTARA,MBI,DEL,10724.37618,9:30,9:00,XYZ1109,
ABC0,3/2/2116,VISTARA,DEL,VIZ,10730.17397,12:00,11:30,XYZ1110,
abc1,4/2/2116,VISTARA,HYD,BAN,10735.97175,10:30,10:00,XYZ1111,
ABC2,5/2/2116,VISTARA,BAN,CHI,10741.76954,11:30,11:00,XYZ1112,
ABC3,6/2/2116,VISTARA,CHI,MBI,10747.56732,9:30,9:00,XYZ1113,
ABC4,7/2/2116,VISTARA,MBI,DEL,10753.36511,12:00,11:30,XYZ1114,
ABC5,8/2/2116,VISTARA,DEL,VIZ,10759.1629,10:30,10:00,XYZ1115,
ABC6,9/2/2116,VISTARA,HYD,BAN,10764.96068,11:30,11:00,XYZ1116,
ABC7,10/2/2116,VISTARA,BAN,CHI,10770.75847,9:30,9:00,XYZ1117,
ABC8,11/2/2116,VISTARA,CHI,MBI,10776.55625,12:00,11:30,XYZ1118,
ABC9,12/2/2116,VISTARA,MBI,DEL,10782.35404,10:30,10:00,XYZ1119,
ABC0,1/2/2117,VISTARA,DEL,VIZ,10788.15183,11:30,11:00,XYZ1120,
abc1,2/2/2117,VISTARA,HYD,BAN,10793.94961,9:30,9:00,XYZ1121,
ABC2,3/2/2117,VISTARA,BAN,CHI,10799.7474,12:00,11:30,XYZ1122,
ABC3,4/2/2117,VISTARA,CHI,MBI,10805.54518,10:30,10:00,XYZ1123,
ABC4,5/2/2117,VISTARA,MBI,DEL,10811.34297,11:30,11:00,XYZ1124,
ABC5,6/2/2117,VISTARA,DEL,VIZ,10817.14075,9:30,9:00,XYZ1125,
ABC6,7/2/2117,VISTARA,HYD,BAN,10822.93854,12:00,11:30,XYZ1126,
ABC7,8/2/2117,VISTARA,BAN,CHI,10828.73633,10:30,10:00,XYZ1127,
ABC8,9/2/2117,VISTARA,CHI,MBI,10834.53411,11:30,11:00,XYZ1128,
ABC9,10/2/2117,VISTARA,MBI,DEL,10840.3319,9:30,9:00,XYZ1129,
ABC0,11/2/2117,VISTARA,DEL,VIZ,10846.12968,12:00,11:30,XYZ1130,
abc1,12/2/2117,VISTARA,HYD,BAN,10851.92747,10:30,10:00,XYZ1131,
ABC2,1/2/2118,VISTARA,BAN,CHI,10857.72526,11:30,11:00,XYZ1132,
ABC3,2/2/2118,VISTARA,CHI,MBI,10863.52304,9:30,9:00,XYZ1133,
abc1,3/2/2118,VISTARA,HYD,BAN,10869.32083,10:30,10:00,XYZ1134,
ABC2,4/2/2118,VISTARA,BAN,CHI,10875.11861,11:30,11:00,XYZ1135,
ABC3,5/2/2118,VISTARA,CHI,MBI,10880.9164,9:30,9:00,XYZ1136,
ABC4,6/2/2118,VISTARA,MBI,DEL,10886.71419,12:00,11:30,XYZ1137,
ABC5,7/2/2118,VISTARA,DEL,VIZ,10892.51197,10:30,10:00,XYZ1138,
ABC6,8/2/2118,VISTARA,HYD,BAN,10898.30976,11:30,11:00,XYZ1139,
ABC7,9/2/2118,VISTARA,BAN,CHI,10904.10754,9:30,9:00,XYZ1140,
ABC8,10/2/2118,VISTARA,CHI,MBI,10909.90533,12:00,11:30,XYZ1141,
ABC9,11/2/2118,VISTARA,MBI,DEL,10915.70311,10:30,10:00,XYZ1142,
ABC0,12/2/2118,VISTARA,DEL,VIZ,10921.5009,11:30,11:00,XYZ1143,
abc1,1/2/2119,VISTARA,HYD,BAN,10927.29869,9:30,9:00,XYZ1144,
ABC2,2/2/2119,VISTARA,BAN,CHI,10933.09647,12:00,11:30,XYZ1145,
ABC3,3/2/2119,VISTARA,CHI,MBI,10938.89426,10:30,10:00,XYZ1146,
ABC4,4/2/2119,VISTARA,MBI,DEL,10944.69204,11:30,11:00,XYZ1147,
ABC5,5/2/2119,VISTARA,DEL,VIZ,10950.48983,9:30,9:00,XYZ1148,
ABC6,6/2/2119,VISTARA,HYD,BAN,10956.28762,12:00,11:30,XYZ1149,
ABC7,7/2/2119,VISTARA,BAN,CHI,10962.0854,10:30,10:00,XYZ1150,
ABC8,8/2/2119,VISTARA,CHI,MBI,10967.88319,11:30,11:00,XYZ1151,
ABC9,9/2/2119,VISTARA,MBI,DEL,10973.68097,9:30,9:00,XYZ1152,
